discovered_at,source_id,source_url,source_version,source_question_id,stem,choice_a,choice_b,choice_c,choice_d,choice_e,choice_f,stated_answer,topic_notes,date_found
2026-06-10,certimaan-encor-samples,https://www.certimaan.com/post/ccnp-encor-certification-exam-questions,350-401 v1.2,1,What is the core focus of the Cisco ENCOR 350-401 certification exam?,1. Database management and design,2. Enterprise networking technologies,3. Wireless sensor networks,4. Application development and APIs,,,,Tier C research — community recall; verify answer on Cisco Tier A only,2026-06-10
2026-06-10,certimaan-encor-samples,https://www.certimaan.com/post/ccnp-encor-certification-exam-questions,350-401 v1.2,2,Which of the following is a benefit of becoming CCNP-certified?,1. Lifetime certification status,2. Access to Cisco source code,3. Improved employability through skill validation,4. Ability to skip all Cisco exams in future tracks,,,,Tier C research — community recall; verify answer on Cisco Tier A only,2026-06-10
2026-06-10,certimaan-encor-samples,https://www.certimaan.com/post/ccnp-encor-certification-exam-questions,350-401 v1.2,3,Which of the following is a direct prerequisite for the CCNP Enterprise certification?,1. Valid CompTIA Network+ certification,2. Prior completion of CCNA or CCIE,3. Cisco Specialist badge,4. Minimum 3 years of experience,,,,Tier C research — community recall; verify answer on Cisco Tier A only,2026-06-10
2026-06-10,certimaan-encor-samples,https://www.certimaan.com/post/ccnp-encor-certification-exam-questions,350-401 v1.2,4,What is one reason why Cisco redesigned their certification program?,1. To increase exam prices,2. To reduce the number of candidates,3. To align with evolving network automation and programmability trends,4. To stop offering hands-on certifications,,,,Tier C research — community recall; verify answer on Cisco Tier A only,2026-06-10
2026-06-10,certimaan-encor-samples,https://www.certimaan.com/post/ccnp-encor-certification-exam-questions,350-401 v1.2,5,What is the duration of the ENCOR 350-401 exam?,1. 90 minutes,2. 180 minutes,3. 60 minutes,4. 120 minutes,,,,Tier C research — community recall; verify answer on Cisco Tier A only,2026-06-10
2026-06-10,certimaan-encor-samples,https://www.certimaan.com/post/ccnp-encor-certification-exam-questions,350-401 v1.2,6,Which certification is granted after passing only the ENCOR core exam?,1. CCNP Collaboration,2. Cisco Certified Specialist – Enterprise Core,3. CCNP Security,4. CCIE Lab,,,,Tier C research — community recall; verify answer on Cisco Tier A only,2026-06-10
2026-06-10,certimaan-encor-samples,https://www.certimaan.com/post/ccnp-encor-certification-exam-questions,350-401 v1.2,7,Which of the following domains carries the highest weight in the ENCOR exam blueprint?,1. Security,2. Network Assurance,3. Infrastructure,4. Automation,,,,Tier C research — community recall; verify answer on Cisco Tier A only,2026-06-10
2026-06-10,certimaan-encor-samples,https://www.certimaan.com/post/ccnp-encor-certification-exam-questions,350-401 v1.2,8,Which protocol area is emphasized in the CCNP ENCOR exam?,1. BGP over MPLS VPNs,2. IPv4 and IPv6 dual stack,3. X.500 directory services,4. RDP tunneling,,,,Tier C research — community recall; verify answer on Cisco Tier A only,2026-06-10
2026-06-10,certimaan-encor-samples,https://www.certimaan.com/post/ccnp-encor-certification-exam-questions,350-401 v1.2,9,Which two certifications can be obtained by passing only the ENCOR 350-401 exam?,1. CCNP Security,2. Cisco Certified Specialist – Enterprise Core,3. CCNP Collaboration,4. Correct selection,,,,Tier C research — community recall; verify answer on Cisco Tier A only,2026-06-10
2026-06-10,certimaan-encor-samples,https://www.certimaan.com/post/ccnp-encor-certification-exam-questions,350-401 v1.2,10,What is the exam fee for the ENCOR 350-401 core exam?,1. $200,2. $300,3. $400,4. $600,,,,Tier C research — community recall; verify answer on Cisco Tier A only,2026-06-10
2026-06-10,certimaan-encor-samples,https://www.certimaan.com/post/ccnp-encor-certification-exam-questions,350-401 v1.2,11,How long is the CCNP Enterprise certification valid after passing the exam?,1. 1 year,2. 2 years,3. 3 years,4. 5 years,,,,Tier C research — community recall; verify answer on Cisco Tier A only,2026-06-10
2026-06-10,certimaan-encor-samples,https://www.certimaan.com/post/ccnp-encor-certification-exam-questions,350-401 v1.2,12,What is the maximum number of exams required to earn the CCNP Enterprise certification?,1. 1,2. 2,3. 3,4. 4,,,,Tier C research — community recall; verify answer on Cisco Tier A only,2026-06-10
2026-06-10,certimaan-encor-samples,https://www.certimaan.com/post/ccnp-encor-certification-exam-questions,350-401 v1.2,13,Which platform is primarily recommended by IPSpecialist for practicing enterprise networking scenarios?,1. GNS3,2. Packet Tracer,3. Cisco Packet Monitor,4. EVE-NG,,,,Tier C research — community recall; verify answer on Cisco Tier A only,2026-06-10
2026-06-10,certimaan-encor-samples,https://www.certimaan.com/post/ccnp-encor-certification-exam-questions,350-401 v1.2,14,What does Cisco require for certification tracking and correspondence?,1. Physical passport,2. Valid email address,3. Facebook login,4. GitHub account,,,,Tier C research — community recall; verify answer on Cisco Tier A only,2026-06-10
2026-06-10,certimaan-encor-samples,https://www.certimaan.com/post/ccnp-encor-certification-exam-questions,350-401 v1.2,15,Why is the CCNP Enterprise certification still valuable in 2026?,1. It is a legal requirement for IT employment,2. It allows certification holders to bypass practical interviews,3. It validates advanced enterprise networking skills,4. It is the only certification Cisco offers,,,,Tier C research — community recall; verify answer on Cisco Tier A only,2026-06-10
2026-06-10,certimaan-encor-samples,https://www.certimaan.com/post/ccnp-encor-certification-exam-questions,350-401 v1.2,16,Who is the intended audience for the CCNP ENCOR certification?,1. Data entry clerks,2. Junior security analysts,3. Mid-level to senior network engineers,4. Financial analysts,,,,Tier C research — community recall; verify answer on Cisco Tier A only,2026-06-10
2026-06-10,certimaan-encor-samples,https://www.certimaan.com/post/ccnp-encor-certification-exam-questions,350-401 v1.2,17,Which of the following is NOT a CCNP Enterprise concentration exam?,1. ENARSI,2. SD-WAN,3. Wireless Design,4. Cloud Infrastructure,,,,Tier C research — community recall; verify answer on Cisco Tier A only,2026-06-10
2026-06-10,certimaan-encor-samples,https://www.certimaan.com/post/ccnp-encor-certification-exam-questions,350-401 v1.2,18,What is one advantage of CCNP Enterprise certification for organizations?,1. They can skip compliance audits,2. They can validate employee skill level,3. It increases tax deductions,4. It provides free equipment from Cisco,,,,Tier C research — community recall; verify answer on Cisco Tier A only,2026-06-10
2026-06-10,certimaan-encor-samples,https://www.certimaan.com/post/ccnp-encor-certification-exam-questions,350-401 v1.2,19,Which group is the ENCOR exam most suitable for?,1. Entry-level network technicians,2. Database administrators,3. Network engineers with 3–5 years of experience,4. Software developers,,,,Tier C research — community recall; verify answer on Cisco Tier A only,2026-06-10
2026-06-10,certimaan-encor-samples,https://www.certimaan.com/post/ccnp-encor-certification-exam-questions,350-401 v1.2,20,What is the benefit of using Cisco’s digital continuing education program?,1. Earn cryptocurrency,2. Recertify without retaking exams,3. Get hired automatically,4. Avoid exams permanently,,,,Tier C research — community recall; verify answer on Cisco Tier A only,2026-06-10
2026-06-10,certimaan-encor-samples,https://www.certimaan.com/post/ccnp-encor-certification-exam-questions,350-401 v1.2,21,What certification level is achieved after passing the core and a concentration exam under the CCNP Enterprise track?,1. CCNA Enterprise,2. Cisco Certified Specialist,3. CCNP Enterprise,4. CCIE Wireless,,,,Tier C research — community recall; verify answer on Cisco Tier A only,2026-06-10
2026-06-10,certimaan-encor-samples,https://www.certimaan.com/post/ccnp-encor-certification-exam-questions,350-401 v1.2,22,Why is the ENCOR exam considered difficult?,1. It includes essays and interviews,2. It is closed book with no lab,3. It requires deep understanding of enterprise networks,4. It is conducted in Latin,,,,Tier C research — community recall; verify answer on Cisco Tier A only,2026-06-10
2026-06-10,certimaan-encor-samples,https://www.certimaan.com/post/ccnp-encor-certification-exam-questions,350-401 v1.2,23,Which area is covered under both ENCOR and CCIE Enterprise written exams?,1. QoS for ISPs,2. Enterprise Core Technologies,3. ITIL Service Management,4. DevOps tools like Jenkins,,,,Tier C research — community recall; verify answer on Cisco Tier A only,2026-06-10
2026-06-10,certimaan-encor-samples,https://www.certimaan.com/post/ccnp-encor-certification-exam-questions,350-401 v1.2,24,Which of the following best describes the ENCOR certification’s role in the Cisco career path?,1. Final exam for architects,2. Core foundation for CCNP and CCIE Enterprise,3. Beginner-level for desktop support,4. Equivalent to a bachelor’s degree,,,,Tier C research — community recall; verify answer on Cisco Tier A only,2026-06-10
2026-06-10,certimaan-encor-samples,https://www.certimaan.com/post/ccnp-encor-certification-exam-questions,350-401 v1.2,25,Which statement about the CCNP ENCOR exam is accurate?,1. It covers only physical infrastructure,2. It includes lab-based simulations exclusively,"3. It evaluates dual-stack, virtualization, security, and automation",4. It is designed for managers only,,,,Tier C research — community recall; verify answer on Cisco Tier A only,2026-06-10
2026-06-10,certimaan-encor-samples,https://www.certimaan.com/post/ccnp-encor-certification-exam-questions,350-401 v1.2,26,What is the primary reason for using Spanning Tree Protocol (STP) in a switched network?,1. Optimize routing paths,2. Provide IP addressing,3. Prevent Layer 2 loops,4. Encrypt MAC addresses,,,,Tier C research — community recall; verify answer on Cisco Tier A only,2026-06-10
2026-06-10,certimaan-encor-samples,https://www.certimaan.com/post/ccnp-encor-certification-exam-questions,350-401 v1.2,27,Which port role is new in RSTP compared to 802.1D STP?,1. Blocking,2. Designated,3. Alternate,4. Listening,,,,Tier C research — community recall; verify answer on Cisco Tier A only,2026-06-10
2026-06-10,certimaan-encor-samples,https://www.certimaan.com/post/ccnp-encor-certification-exam-questions,350-401 v1.2,28,Which VTP mode allows a switch to forward advertisements but not modify VLAN information?,1. Client,2. Transparent,3. Server,4. Passive,,,,Tier C research — community recall; verify answer on Cisco Tier A only,2026-06-10
2026-06-10,certimaan-encor-samples,https://www.certimaan.com/post/ccnp-encor-certification-exam-questions,350-401 v1.2,29,What must match between two switches for DTP to form a trunk?,1. IP subnet,2. STP priority,3. VTP domain,4. MAC address,,,,Tier C research — community recall; verify answer on Cisco Tier A only,2026-06-10
2026-06-10,certimaan-encor-samples,https://www.certimaan.com/post/ccnp-encor-certification-exam-questions,350-401 v1.2,30,What happens if a switch with a higher VTP configuration revision number is introduced into a network?,1. All VLANs will be added,2. The switch will automatically go into transparent mode,3. VLANs in the domain may be overwritten,4. Nothing changes unless manually approved,,,,Tier C research — community recall; verify answer on Cisco Tier A only,2026-06-10
2026-06-10,certimaan-encor-samples,https://www.certimaan.com/post/ccnp-encor-certification-exam-questions,350-401 v1.2,31,Which command disables trunk negotiation on a trunk port?,1. switchport mode access,2. switchport trunk encapsulation dot1q,3. switchport nonegotiate,4. switchport disable trunking,,,,Tier C research — community recall; verify answer on Cisco Tier A only,2026-06-10
2026-06-10,certimaan-encor-samples,https://www.certimaan.com/post/ccnp-encor-certification-exam-questions,350-401 v1.2,32,Which two statements describe Rapid Spanning Tree Protocol (RSTP)?,1. Uses designated ports only,2. Converges faster than 802.1D,3. Uses PortFast for trunk ports,4. Supports edge and point-to-point port types,,,,Tier C research — community recall; verify answer on Cisco Tier A only,2026-06-10
2026-06-10,certimaan-encor-samples,https://www.certimaan.com/post/ccnp-encor-certification-exam-questions,350-401 v1.2,33,What happens when a port configured with switchport mode trunk connects to a port set to switchport mode access?,1. Trunk is formed,2. Access mode port is shut down,3. No trunking; connection remains access,4. Both ports go to blocking state,,,,Tier C research — community recall; verify answer on Cisco Tier A only,2026-06-10
2026-06-10,certimaan-encor-samples,https://www.certimaan.com/post/ccnp-encor-certification-exam-questions,350-401 v1.2,34,Which DTP mode will passively wait to receive negotiation requests to form a trunk?,1. Dynamic desirable,2. Dynamic auto,3. Trunk,4. Access,,,,Tier C research — community recall; verify answer on Cisco Tier A only,2026-06-10
2026-06-10,certimaan-encor-samples,https://www.certimaan.com/post/ccnp-encor-certification-exam-questions,350-401 v1.2,35,Which command is used to verify active trunk ports on a switch?,1. show interfaces,2. show interfaces trunk,3. show vtp status,4. show vlan brief,,,,Tier C research — community recall; verify answer on Cisco Tier A only,2026-06-10
2026-06-10,certimaan-encor-samples,https://www.certimaan.com/post/ccnp-encor-certification-exam-questions,350-401 v1.2,36,Which protocol allows multiple physical links between two switches to operate as one logical link?,1. STP,2. DTP,3. EtherChannel,4. VTP,,,,Tier C research — community recall; verify answer on Cisco Tier A only,2026-06-10
2026-06-10,certimaan-encor-samples,https://www.certimaan.com/post/ccnp-encor-certification-exam-questions,350-401 v1.2,37,Which EtherChannel mode combination between two switches ensures that a link is formed using LACP?,1. On - On,2. Passive - Passive,3. Active - Passive,4. Desirable - Auto,,,,Tier C research — community recall; verify answer on Cisco Tier A only,2026-06-10
2026-06-10,certimaan-encor-samples,https://www.certimaan.com/post/ccnp-encor-certification-exam-questions,350-401 v1.2,38,What is the main role of the VTP server?,1. Forward advertisements,2. Backup VLAN database,"3. Create, modify, and delete VLANs",4. Encrypt VLAN transmissions,,,,Tier C research — community recall; verify answer on Cisco Tier A only,2026-06-10
2026-06-10,certimaan-encor-samples,https://www.certimaan.com/post/ccnp-encor-certification-exam-questions,350-401 v1.2,39,What is the effect of configuring a VTP domain name on a switch?,1. Increases spanning-tree priority,2. Resets configuration revision to 0,3. Enables DTP,4. Automatically forms EtherChannel,,,,Tier C research — community recall; verify answer on Cisco Tier A only,2026-06-10
2026-06-10,certimaan-encor-samples,https://www.certimaan.com/post/ccnp-encor-certification-exam-questions,350-401 v1.2,40,What command is used to display the current VTP version and domain configuration on a switch?,1. show vlan,2. show vtp status,3. show spanning-tree,4. show vtp mode,,,,Tier C research — community recall; verify answer on Cisco Tier A only,2026-06-10
2026-06-10,certimaan-encor-samples,https://www.certimaan.com/post/ccnp-encor-certification-exam-questions,350-401 v1.2,3,Who should take the CCNP ENCOR certification exam?,1. This certification is ideal for:,2. Network Engineers,3. Enterprise Infrastructure Professionals,4. Cisco Administrators,,,,Tier C research — community recall; verify answer on Cisco Tier A only,2026-06-10
2026-06-10,certimaan-encor-samples,https://www.certimaan.com/post/ccnp-encor-certification-exam-questions,350-401 v1.2,5,What topics are covered in the CCNP ENCOR exam?,1. The exam typically covers:,2. Enterprise Architecture,3. Routing and Switching,4. Infrastructure Services,,,,Tier C research — community recall; verify answer on Cisco Tier A only,2026-06-10
2026-06-10,certimaan-encor-samples,https://www.certimaan.com/post/ccnp-encor-certification-exam-questions,350-401 v1.2,8,Are CCNP ENCOR practice questions useful for exam preparation?,1. Yes. Practice questions help candidates:,2. Understand exam patterns,3. Improve troubleshooting skills,4. Identify weak areas,,,,Tier C research — community recall; verify answer on Cisco Tier A only,2026-06-10
2026-06-10,certimaan-encor-samples,https://www.certimaan.com/post/ccnp-encor-certification-exam-questions,350-401 v1.2,10,What are the best official resources for CCNP ENCOR preparation?,1. Candidates should use official resources such as:,2. Cisco Learning Network,3. Cisco U,4. Cisco DevNet,,,,Tier C research — community recall; verify answer on Cisco Tier A only,2026-06-10
2026-06-10,certimaan-encor-samples,https://www.certimaan.com/post/ccnp-encor-certification-exam-questions,350-401 v1.2,11,What jobs can I apply for after earning the CCNP ENCOR certification?,1. Professionals with CCNP ENCOR certification commonly pursue roles such as:,2. Enterprise Network Engineer,3. Network Administrator,4. Infrastructure Engineer,,,,Tier C research — community recall; verify answer on Cisco Tier A only,2026-06-10
2026-06-10,certimaan-encor-samples,https://www.certimaan.com/post/ccnp-encor-certification-exam-questions,350-401 v1.2,15,How should I prepare effectively for the CCNP ENCOR certification exam?,1. A strong preparation strategy should include:,2. Studying official exam topics,3. Practicing enterprise networking labs,4. Using mock exams and sample questions,,,,Tier C research — community recall; verify answer on Cisco Tier A only,2026-06-10
2026-06-10,examcollection-encor,https://www.examcollection.com/350-401-dumps.html,350-401 v1.2,1,: How do the Routing Information Base (RIB) and Forwarding Information Base (FIB) differ in their functions on a network device?,A. The FIB is derived from and populated using the RIB’s information.,B. The RIB is an exact duplicate of the FIB.,C. The RIB is utilized for forwarding packets based on the source IP address.,"D. The FIB stores every route from all routing protocols. Answer: A Explanation: In modern routing architecture, both the Routing Information Base (RIB) and the Forwarding Information Base (FIB) play distinct yet interconnected roles in how network traffic is managed and routed. Understanding their differences is fundamental for anyone working with routers or network design. The RIB is essentially a comprehensive routing table maintained by the control plane of a router. It aggregates routing information learned from different sources, including dynamic routing protocols like OSPF, EIGRP, and BGP, as well as static routes and directly connected networks. This table contains all possible routes to various network destinations, along with administrative metrics and next-hop information. On the other hand, the FIB resides in the data plane and is optimized for high-speed packet forwarding. It is built from the RIB but only includes the best or most efficient routes selected by the routing protocol decision process. The router evaluates all the routes in the RIB, selects the best paths based on metrics and administrative distance, and then installs these entries into the FIB. This allows the FIB to act as a streamlined lookup table that can forward packets quickly without having to process the entire routing table. Option B is incorrect because the FIB is not a copy of the RIB—it only includes the best routes. Option C is misleading because routing decisions are generally based on the destination IP address, not the source, and the RIB doesn’t perform switching functions. Option D is false because the FIB does not store all routing data—only the best routes from the RIB make it into the FIB. In conclusion, the correct understanding is that the FIB is populated using the best route entries from the RIB, and this makes A the accurate answer.",,,,Tier C research — community recall; verify answer on Cisco Tier A only,2026-06-10
2026-06-10,examcollection-encor,https://www.examcollection.com/350-401-dumps.html,350-401 v1.2,2,: Which component of Quality of Service (QoS) is responsible for modifying a packet to influence its handling across a network?,A. Policing,B. Classification,C. Marking,"D. Shaping Answer: C Explanation: Quality of Service (QoS) mechanisms are designed to manage network traffic effectively, particularly when bandwidth is limited or when supporting latency-sensitive applications like voice or video. One critical function within QoS is determining how different types of traffic should be treated by networking devices. This is where the concept of marking comes into play. Marking refers to the act of embedding specific values into packet headers to indicate how that traffic should be prioritized or treated throughout the network. This can include setting fields like the Differentiated Services Code Point (DSCP) in the IP header or the Class of Service (CoS) bits in an Ethernet frame. Once marked, network devices along the path use these indicators to apply QoS policies, such as prioritizing voice packets over bulk file transfers. Option A, Policing, is about enforcing traffic limits and can drop or re-mark packets that exceed a defined threshold, but it doesn’t inherently define the original markings. B, Classification, is the step prior to marking, where packets are examined and sorted based on attributes like IP address or protocol. It identifies traffic types but doesn’t alter packets. D, Shaping, involves delaying packets to ensure that traffic adheres to a defined rate—again, it modifies timing, not packet content. Therefore, marking is the only process among the choices that directly changes packet headers to influence QoS treatment. These markings guide other devices on how to queue or prioritize traffic, making C the correct answer.",,,,Tier C research — community recall; verify answer on Cisco Tier A only,2026-06-10
2026-06-10,examcollection-encor,https://www.examcollection.com/350-401-dumps.html,350-401 v1.2,3,: Which of the following correctly describes how Cisco Express Forwarding (CEF) operates within a router?,A. The CPU is actively engaged in making forwarding decisions for each packet.,B. It utilizes a high-speed cache located in the data plane.,C. It builds and uses two key data plane tables: the FIB and the adjacency table.,"D. Forwarding decisions are handled by the IOS scheduler process. Answer: C Explanation: Cisco Express Forwarding (CEF) is a critical feature in Cisco routers designed to maximize performance by speeding up packet forwarding while minimizing CPU load. It achieves this by pre-computing and storing route information in optimized tables that reside in the data plane. The two essential tables CEF uses are the Forwarding Information Base (FIB) and the adjacency table. The FIB is derived from the Routing Information Base (RIB) and contains the best paths for forwarding decisions. The adjacency table complements the FIB by storing Layer 2 next-hop information, such as MAC addresses and outgoing interface details. When a packet arrives, the router quickly references these tables to determine the best path and next-hop information, ensuring high-speed, deterministic forwarding. Option A is incorrect because the primary benefit of CEF is to offload packet forwarding from the CPU, allowing it to handle more complex control tasks instead. Option B is misleading; CEF doesn’t use a generic ""fast cache"" but instead relies on structured tables (FIB and adjacency table) for consistent performance. Option D incorrectly suggests that the IOS scheduler is involved in forwarding decisions. While the IOS scheduler manages system-level tasks, it does not handle packet forwarding when CEF is enabled. By maintaining pre-structured tables in the data plane, CEF enables high-throughput, low-latency routing decisions without involving the CPU in every forwarding operation. This makes C the accurate and complete choice.",,,,Tier C research — community recall; verify answer on Cisco Tier A only,2026-06-10
2026-06-10,examcollection-encor,https://www.examcollection.com/350-401-dumps.html,350-401 v1.2,4,: What is one key advantage of using an on-premises setup instead of cloud-based infrastructure?,A. Easily scale compute capacity without needing hardware installations,B. Requires less power and cooling resources to operate,C. Enables faster deployment since no additional hardware is required,"D. Provides reduced latency between systems due to physical proximity Answer: D Explanation: On-premises infrastructure refers to computing systems that are physically hosted within an organization's own facilities. One of the most significant benefits of this approach is the reduced latency between systems that are situated in close physical proximity to each other. When systems are co-located—such as in the same data center—data can be transferred quickly and with minimal delay, which is critical for applications requiring real-time processing or low-latency performance. Let’s evaluate the answer choices: A is incorrect because rapid scaling of compute resources is a hallmark of cloud environments, not on-premises setups. In cloud platforms, adding resources can be done dynamically and automatically, while on-premises solutions require manual hardware procurement and setup, which is time-consuming and costly. B is also incorrect. On-premises systems often demand more electricity and cooling because the organization must maintain and manage the entire physical environment. Cloud providers, by contrast, optimize their data centers for energy efficiency and manage environmental controls at scale. C does not reflect the realities of traditional on-prem infrastructure. Deploying new systems or applications on-premises typically involves lengthy procurement, configuration, and installation processes. In contrast, cloud platforms allow for much faster provisioning through automated deployment tools. D is correct. The low latency advantage comes from the physical closeness of servers and devices within the same data center or local network. This proximity significantly reduces the time it takes for data to travel between components, making on-premises solutions ideal for latency-sensitive applications such as financial systems, industrial controls, or media processing. Thus, while cloud infrastructure offers flexibility and scalability, on-premises setups provide superior control over physical systems and can deliver faster, more predictable data transfer when systems are co-located.",,,,Tier C research — community recall; verify answer on Cisco Tier A only,2026-06-10
2026-06-10,examcollection-encor,https://www.examcollection.com/350-401-dumps.html,350-401 v1.2,5,: In what way does traffic shaping under Quality of Service (QoS) help to reduce network congestion?,A. It discards packets once a certain bitrate is exceeded,B. It buffers extra traffic and schedules it for later delivery,C. It breaks large packets into fragments for smoother transmission,"D. It drops random packets from low-priority traffic queues Answer: B Explanation: Traffic shaping is a method used in Quality of Service (QoS) to manage bandwidth usage and reduce congestion by controlling the flow of network traffic. This technique smooths out bursts of data transmission and helps ensure that the network remains stable and responsive, even under heavy loads. The correct answer is B, which states that traffic shaping buffers and queues packets exceeding a committed rate and sends them out gradually. This mechanism regulates traffic flow by delaying the transmission of excess data rather than discarding it, ensuring that critical services and applications can function without interruption. Let’s examine the other options: A is incorrect because discarding packets when the bitrate exceeds a threshold is more characteristic of traffic policing, not shaping. Policing enforces traffic rates strictly by dropping non-compliant packets, which can lead to data loss. C refers to packet fragmentation, which is unrelated to traffic shaping. Fragmentation is a function of network protocols when a packet is too large for the underlying network, and it’s not directly associated with managing bandwidth or congestion. D is associated with a technique called Random Early Detection (RED), which drops packets from queues before they become full. While RED is used to prevent buffer overflows, it does not buffer and schedule traffic the way shaping does. Traffic shaping acts like a valve that moderates how fast packets are sent. When data rates exceed the agreed-upon threshold, packets are held in a buffer and released in a controlled manner, minimizing congestion and optimizing the quality of service across the network. This is particularly useful for delay-sensitive services such as VoIP, video streaming, and real-time gaming. In summary, traffic shaping helps mitigate network congestion by delaying excess traffic, rather than discarding it, which makes B the most accurate choice.",,,,Tier C research — community recall; verify answer on Cisco Tier A only,2026-06-10
2026-06-10,examcollection-encor,https://www.examcollection.com/350-401-dumps.html,350-401 v1.2,6,: A network engineer is explaining QoS and mentions traffic policing. Which two statements are accurate regarding how policing functions?,A. Policing should occur near the traffic's source,B. Policing queues extra traffic when there’s congestion,C. Policing is best applied near the destination,D. Policing drops data that surpasses the predefined rate,"E. Policing usually delays traffic instead of dropping it Answers: A and D Explanation: Traffic policing is a network mechanism used in Quality of Service (QoS) to enforce bandwidth limits by monitoring the data rate of traffic flows and taking action when those rates are exceeded. It is designed to ensure that no user or application exceeds its allocated network resources, thereby protecting overall network performance. A is correct because traffic policing is most effective when implemented near the source of the traffic. Applying it early in the data flow prevents excessive traffic from propagating through the network, which helps conserve bandwidth and avoid congestion further downstream. D is also correct. One of the fundamental operations of traffic policing is dropping packets that go over the defined rate limit. In some implementations, instead of dropping, excess packets may be marked for lower priority handling, but typically they are discarded to maintain compliance with traffic profiles. Now, let’s evaluate the incorrect choices: B is wrong because queuing excess traffic is a function of traffic shaping, not policing. Traffic shaping smooths out bursts by holding packets in a queue, whereas policing takes a more immediate action by discarding non-compliant traffic. C is incorrect as applying policing at the destination would be too late to effectively control the flow. By the time the traffic reaches the endpoint, it has already consumed network resources. Early policing helps avoid unnecessary congestion. E is false. Traffic policing does not delay traffic; it simply checks compliance and drops or marks packets that exceed thresholds. If traffic delay or buffering is needed, that’s where traffic shaping comes in. To conclude, traffic policing is a strict enforcement tool for network bandwidth management. It ensures that traffic adheres to specified rates by dropping non-compliant packets and is most effective when implemented near the source. Thus, A and D are the correct answers.",,,Tier C research — community recall; verify answer on Cisco Tier A only,2026-06-10
2026-06-10,examcollection-encor,https://www.examcollection.com/350-401-dumps.html,350-401 v1.2,7,: Which Cisco SD-WAN component is responsible for managing orchestration within the network architecture?,A. vBond,B. vSmart,C. vManage,"D. WAN Edge Correct Answer: C Explanation: In Cisco’s SD-WAN architecture, multiple components work together to deliver a scalable, secure, and centrally managed network. Among these, the orchestration plane plays a crucial role in overseeing the network's centralized configuration, policy deployment, and operational management. The component in charge of this orchestration functionality is vManage. vManage is a centralized network management system used by administrators to monitor, configure, and maintain all SD-WAN devices. It provides a graphical interface and APIs for interacting with the network. This orchestration function includes the deployment of device configurations, security policies, software updates, and performance monitoring across the entire SD-WAN fabric. Let’s analyze the other components: vBond (Option A) serves as the orchestration facilitator, handling initial device authentication and enabling secure connectivity between control and data plane elements. However, it doesn't manage ongoing configuration or monitoring. vSmart (Option B) is the control plane component. It centralizes policy and route decisions. It enforces traffic steering, segmentation, and security policies, but it does not handle the orchestration or monitoring tasks directly. WAN Edge (Option D) refers to physical or virtual routers that reside at branch locations and form the data plane. They carry out the routing and forwarding of user traffic but have no orchestration responsibilities. The orchestration plane’s job is not just about connectivity but managing the lifecycle and performance of the entire SD-WAN network. Through vManage, IT teams can push policies network-wide, troubleshoot issues, and ensure compliance from a single platform, making it integral to daily operations. Therefore, the correct answer is C, as vManage is the designated orchestrator in the Cisco SD-WAN solution.",,,,Tier C research — community recall; verify answer on Cisco Tier A only,2026-06-10
2026-06-10,examcollection-encor,https://www.examcollection.com/350-401-dumps.html,350-401 v1.2,8,": In a Cisco SD-Access network, which two roles are assigned to devices within the fabric?",A. Edge node,B. vBond controller,C. Access switch,D. Core switch,"E. Border node Correct Answers: A and E Explanation: Cisco SD-Access is an enterprise networking solution that brings the benefits of Software-Defined Networking (SDN) into campus and branch networks. It introduces a fabric-based design, where devices are assigned specific roles that help streamline operations, improve security, and enable policy-based automation. Among the primary roles in SD-Access are edge nodes and border nodes. An edge node (Option A) acts as the entry point for user devices into the SD-Access fabric. These are typically access-layer switches that connect endpoints such as laptops, printers, and IP phones to the network. In addition to forwarding user traffic, edge nodes apply segmentation and policy rules, enabling identity-based access control and micro-segmentation. A border node (Option E) serves as the gateway between the SD-Access fabric and external networks. This could include the internet, data centers, or other SD-Access domains. The border node handles ingress and egress traffic, policy translation, and communication with resources located outside the fabric. It’s crucial for ensuring connectivity beyond the local SD-Access environment. Now, let’s examine the incorrect options: vBond controller (Option B) is a component of Cisco SD-WAN, not SD-Access. It manages initial device authentication and control plane formation but does not exist in the SD-Access architecture. Access switch (Option C) is a traditional network role, but in SD-Access, this function is replaced or enhanced by the edge node role. So while the concept is similar, it’s not a formal role in SD-Access fabric. Core switch (Option D) is another legacy term in traditional networks, generally providing backbone connectivity. While core switches might exist physically, they are not designated roles within the SD-Access architecture. In summary, the edge node and border node are fundamental roles in Cisco’s SD-Access fabric, enabling device onboarding and external connectivity, respectively. These roles support the intelligent, secure, and automated nature of SD-Access networks.",,,Tier C research — community recall; verify answer on Cisco Tier A only,2026-06-10
2026-06-10,examcollection-encor,https://www.examcollection.com/350-401-dumps.html,350-401 v1.2,9,: Which action does a Layer 2 switch perform when it receives a frame with a destination MAC address that is not found in its MAC address table?,A. Drops the frame immediately.,B. Sends the frame only to the default gateway.,C. Floods the frame out all interfaces except the one it was received on.,"D. Adds the unknown MAC address to its table and sends the frame back to the source. Answer: C Explanation: When a Layer 2 switch receives an Ethernet frame, one of its first responsibilities is to determine how to forward it. It does this by checking its MAC address table—a dynamic table that maps known MAC addresses to switch ports. If the destination MAC address is found, the switch forwards the frame out of the corresponding interface. But if the destination address is not in the MAC table, the switch follows a default behavior known as flooding. Flooding means the switch sends the frame out of all ports except the port on which it was received. This process ensures the frame reaches the intended destination, assuming the destination is connected to the same Layer 2 broadcast domain. If the recipient responds, the switch will then learn its MAC address and port location, updating its MAC table accordingly. This enables efficient forwarding in the future. Let’s evaluate the other options: A is incorrect because switches do not drop unknown-unicast frames unless security policies are explicitly configured to do so. B is incorrect because the switch does not send unicast frames to a default gateway; gateways are used for Layer 3 routing, not Layer 2 decisions. D is wrong because a switch doesn’t forward frames back to the source interface and doesn’t learn unknown destination MACs proactively. This behavior is foundational to switch operations and essential for basic connectivity in Ethernet networks. Therefore, the correct answer is",,,,Tier C research — community recall; verify answer on Cisco Tier A only,2026-06-10
2026-06-10,examcollection-encor,https://www.examcollection.com/350-401-dumps.html,350-401 v1.2,10,: What is the purpose of the control plane in a network device running a modern Cisco IOS XE architecture?,A. It is solely responsible for the actual packet forwarding function.,B. It handles all Layer 1 and Layer 2 processes in hardware.,C. It manages routing protocols and builds the RIB.,"D. It offloads encryption and decryption functions for IPSec. Answer: C Explanation: In Cisco networking architecture, especially within modern platforms like IOS XE, devices operate with a separation of responsibilities between the control plane and the data plane. This separation helps achieve high performance and scalability in enterprise networks. The control plane is the brain of the device. It is responsible for tasks related to network intelligence, such as running routing protocols (like OSPF, BGP, or EIGRP), building and maintaining the Routing Information Base (RIB), managing neighbor relationships, and handling device configurations. These processes determine how the network should behave and what the optimal paths are, but they do not directly forward packets. The actual task of packet forwarding is handled by the data plane, using tables (like the FIB and adjacency table) populated by the control plane. Once routes are selected, the control plane programs this information into the data plane for fast processing. Let’s examine the incorrect options: A is incorrect because forwarding is handled by the data plane, not the control plane. B is also wrong, as Layer 1 and Layer 2 processing is often handled in hardware or ASICs, not solely by the control plane. D is misleading—while some platforms can offload cryptographic functions, this is not a primary function of the control plane and is usually handled by a separate service plane or hardware acceleration. The control plane’s key role is decision-making and protocol management, making C the correct answer. It ensures that the router or switch has accurate, up-to-date information to make intelligent routing choices, which are then enforced by the data plane. How to open VCE Files Use VCE Exam Simulator to open VCE files Sign Up Learn More Full Version Top Cisco Certifications Top Cisco Certification Exams 200-301 350-401 350-701 300-410 350-601 300-715 300-710 300-420 200-201 350-501 200-901 400-007 300-415 350-801 300-620 500-220 300-730 100-150 350-201 820-605 300-510 300-815 300-425 810-110 350-901 300-435 300-745 300-515 300-220 300-720 700-805 300-445 100-160 300-615 300-440 100-140 300-635 300-725 300-610 300-630 300-215 300-820 500-445 300-830 700-150 Site Search: .footerMenu{display:grid;grid-template-columns:repeat(4,1fr)}.myFooter .footerMenu li{text-align:left}@media(max-width:992px){.footerMenu{display:grid;grid-template-columns:repeat(2,1fr)}}@media(max-width:600px){.footerMenu{display:grid;grid-template-columns:repeat(1,1fr)}.myFooter .footerMenu li{text-align:center}} All Vendors CompTIA Security+ Practice Test SY0-701 Dumps AZ-104 Dumps Video Courses CompTIA Network+ Practice Test 200-301 Dumps SAA-C03 Dumps What we offer Comptia A+ Practice Test AI-900 Dumps DP-700 Dumps Share VCE File Microsoft Azure Administrator SAP-C02 Dumps AZ-305 Dumps Certifications Guide Cisco CCNA Practice Test AIF-C01 Dumps AI-102 Dumps Free Practice Tests Cisco CCNP Enterprise N10-009 Dumps PL-300 Dumps Archive Amazon AWS Architect Associate AZ-900 Dumps 350-401 Dumps Blog PMI PMP Certification Practice Test MD-102 Dumps CS0-003 Dumps Sitemap Google Professional Cloud Architect CLF-C02 Dumps AZ-500 Dumps Contact Us ISACA CISM Practice Test CISSP Dumps FCP_FGT_AD-7.6 Dumps Terms of Service Privacy Policy Rss --> IT Training IT Courses --> Exam Formatter Tutorial Passguide Trandumper Examexpress --> Convert VCE to PDF --> Examcollection.com materials do not contain actual questions and answers from Cisco's certification exams. Payments will appear on your bank statement as ""Examcollection.com"". © 2026 ExamCollection --> © 2026 ExamCollection SPECIAL OFFER: GET 10% OFF Pass your Exam with ExamCollection's PREMIUM files! ExamCollection Certified Safe Files Guaranteed to have ACTUAL Exam Questions Up-to-Date Exam Study Material - Verified by Experts Instant Downloads Enter Your Email Address to Receive Your 10% Off Discount Code Please enter a correct email to Get your Discount Code Get My Discount Code A Confirmation Link will be sent to this email address to verify your login We value your privacy. We will not rent or sell your email address SPECIAL OFFER: GET 10% OFF Use Discount Code: MIN10OFF A confirmation link was sent to your e-mail. Please check your mailbox for a message from support@examcollection.com and follow the directions. Shop Now function copyPromoFunc() { var copyText = document.getElementById(""copyPromo""); copyText.select(); document.execCommand(""copy""); alert(""Copied the text: "" + copyText.value); } function showPromoPopup(id){ // open popup var el = $(id); if(el.length){ $.magnificPopup.open({ items:{ src: el }, type: ""inline"", closeOnBgClick: false, callbacks: { beforeClose: function() { setCookie('bShowPopup',1,90); setCookie('CartPopupCookie',1,90); } } }) } } function hidePromoPopup(id){ // close popup var el = $(id); if(el.length){ $.magnificPopup.close({ items:{ src: el }, type: ""inline"" }) } } setTimeout(function(){showPromoPopup('#discountPopup1')},5000); Download Free Demo of VCE Exam Simulator Experience Avanset VCE Exam Simulator for yourself. Simply submit your e-mail address below to get started with our interactive software demo of your free trial. Realistic exam simulation and exam editor with preview functions Whole exam in a single file with several different question types Customizable exam-taking mode & detailed score reports Your E-mail Download Demo Free Demo Limits: In the demo version you will be able to access only first 5 questions from exam.",,,,Tier C research — community recall; verify answer on Cisco Tier A only,2026-06-10
2026-06-10,examtopics-encor-research,https://www.examtopics.com/exams/cisco/350-401/view/1/,community,1,What is the difference between a RIB and a FIB?,A. The FIB is populated based on RIB content.,B. The RIB maintains a mirror image of the FIB.,C. The RIB is used to make IP source prefix-based switching decisions.,D. The FIB is where all IP routing information is stored.,,,A (community vote — unverified),Tier C research — community recall; verify answer on Cisco Tier A only,2026-06-10
2026-06-10,examtopics-encor-research,https://www.examtopics.com/exams/cisco/350-401/view/1/,community,2,Which QoS component alters a packet to change the way that traffic is treated in the network?,A. policing,B. classification,C. marking,D. shaping,,,C (community vote — unverified),Tier C research — community recall; verify answer on Cisco Tier A only,2026-06-10
2026-06-10,examtopics-encor-research,https://www.examtopics.com/exams/cisco/350-401/view/1/,community,4,Which statement about Cisco Express Forwarding is true?,A. The CPU of a router becomes directly involved with packet-switching decisions.,B. It uses a fast cache that is maintained in a router data plane.,C. It maintains two tables in the data plane: the FIB and adjacency table.,D. It makes forwarding decisions by a process that is scheduled through the IOS scheduler.,,,C (community vote — unverified),Tier C research — community recall; verify answer on Cisco Tier A only,2026-06-10
2026-06-10,examtopics-encor-research,https://www.examtopics.com/exams/cisco/350-401/view/1/,community,5,What is a benefit of deploying an on-premises infrastructure versus a cloud infrastructure deployment?,A. ability to quickly increase compute power without the need to install additional hardware,B. less power and cooling resources needed to run infrastructure on-premises,C. faster deployment times because additional infrastructure does not need to be purchased,D. lower latency between systems that are physically located near each other,,,D (community vote — unverified),Tier C research — community recall; verify answer on Cisco Tier A only,2026-06-10
2026-06-10,examtopics-encor-research,https://www.examtopics.com/exams/cisco/350-401/view/1/,community,7,How does QoS traffic shaping alleviate network congestion?,A. It drops packets when traffic exceeds a certain bitrate.,B. It buffers and queues packets above the committed rate.,C. It fragments large packets and queues them for delivery.,D. It drops packets randomly from lower priority queues.,,,B (community vote — unverified),Tier C research — community recall; verify answer on Cisco Tier A only,2026-06-10
2026-06-10,examtopics-encor-research,https://www.examtopics.com/exams/cisco/350-401/view/1/,community,8,Which two facts apply to traffic policing?,A. Policing should be performed as close to the source as possible.,B. Policing adapts to network congestion by queuing excess traffic.,C. Policing should be performed as close to the destination as possible.,D. Policing drops traffic that exceeds the defined rate.,"E. Policing typically delays the traffic, rather than drops it.",,,Tier C research — community recall; verify answer on Cisco Tier A only,2026-06-10
2026-06-10,examtopics-encor-research,https://www.examtopics.com/exams/cisco/350-401/view/1/,community,9,Which component handles the orchestration plane of the Cisco SD-WAN?,A. vBond,B. vSmart,C. vManage,D. WAN Edge,,,A (community vote — unverified),Tier C research — community recall; verify answer on Cisco Tier A only,2026-06-10
2026-06-10,examtopics-encor-research,https://www.examtopics.com/exams/cisco/350-401/view/1/,community,10,What are two device roles in Cisco SD-Access fabric?,A. edge node,B. vBond controller,C. access switch,D. core switch,E. border node,,,Tier C research — community recall; verify answer on Cisco Tier A only,2026-06-10
2026-06-10,openexamprep-encor,https://open-exam-prep.com/practice/cisco-350-401,350-401 v1.2,cisco-350-401-001,Which two layers are collapsed into one in a 2-tier (collapsed core) enterprise campus design?,A. Access and distribution,B. Distribution and core,C. Access and core,D. Edge and access,,,B,Tier B — verify answer on Cisco Tier A,2026-06-10
2026-06-10,openexamprep-encor,https://open-exam-prep.com/practice/cisco-350-401,350-401 v1.2,cisco-350-401-002,Which Cisco high-availability technology synchronizes the active and standby supervisor engines so a switchover does not disrupt forwarding?,A. FHRP,B. SSO,C. GLBP,D. BFD,,,B,Tier B — verify answer on Cisco Tier A,2026-06-10
2026-06-10,openexamprep-encor,https://open-exam-prep.com/practice/cisco-350-401,350-401 v1.2,cisco-350-401-003,"In a Cisco Catalyst SD-WAN fabric, which controller is responsible for authenticating WAN edges and orchestrating the initial control connections?",A. vManage,B. vSmart,C. vBond,D. vAnalytics,,,C,Tier B — verify answer on Cisco Tier A,2026-06-10
2026-06-10,openexamprep-encor,https://open-exam-prep.com/practice/cisco-350-401,350-401 v1.2,cisco-350-401-004,"Which protocol distributes routing, TLOC, and service information between Cisco Catalyst SD-WAN edges and vSmart controllers?",A. BGP,B. EIGRP,C. OMP,D. LISP,,,C,Tier B — verify answer on Cisco Tier A,2026-06-10
2026-06-10,openexamprep-encor,https://open-exam-prep.com/practice/cisco-350-401,350-401 v1.2,cisco-350-401-005,Which two roles best describe TLOCs in a Cisco Catalyst SD-WAN deployment? (Choose the best single answer.),A. TCP listening offsets used by vManage for management,"B. Transport locators identifying a WAN edge color, system IP, and encapsulation",C. Encryption keys distributed by vBond,D. Tag-based segmentation labels for VPN traffic,,,B,Tier B — verify answer on Cisco Tier A,2026-06-10
2026-06-10,openexamprep-encor,https://open-exam-prep.com/practice/cisco-350-401,350-401 v1.2,cisco-350-401-006,Which protocol is used as the control plane for a Cisco SD-Access fabric?,A. OSPF,B. LISP,C. VXLAN,D. BGP-LS,,,B,Tier B — verify answer on Cisco Tier A,2026-06-10
2026-06-10,openexamprep-encor,https://open-exam-prep.com/practice/cisco-350-401,350-401 v1.2,cisco-350-401-007,Which encapsulation does the SD-Access data plane use to carry user traffic across the fabric?,A. GRE,B. MPLS,C. VXLAN with a Group Policy Object (GPO) header,D. IPsec ESP,,,C,Tier B — verify answer on Cisco Tier A,2026-06-10
2026-06-10,openexamprep-encor,https://open-exam-prep.com/practice/cisco-350-401,350-401 v1.2,cisco-350-401-008,Which device type in an SD-Access fabric is the policy enforcement point for endpoints attached to the fabric?,A. Border node,B. Control plane node,C. Edge node,D. Intermediate node,,,C,Tier B — verify answer on Cisco Tier A,2026-06-10
2026-06-10,openexamprep-encor,https://open-exam-prep.com/practice/cisco-350-401,350-401 v1.2,cisco-350-401-009,Which design choice allows a traditional non-fabric campus to interoperate with an SD-Access fabric for hosts that cannot be migrated immediately?,A. Configure VTP transparent on all switches,B. Deploy a fabric border node that integrates with the legacy campus via Layer 2 handoff or Layer 3 handoff,C. Disable LISP on the edge nodes,D. Set the campus core to vlan dot1q tag native,,,B,Tier B — verify answer on Cisco Tier A,2026-06-10
2026-06-10,openexamprep-encor,https://open-exam-prep.com/practice/cisco-350-401,350-401 v1.2,cisco-350-401-010,"In a typical enterprise QoS design, which DSCP value is recommended for voice (VoIP bearer) traffic according to Cisco's strategic enterprise QoS model?",A. EF (DSCP 46),B. AF11 (DSCP 10),C. CS6 (DSCP 48),D. AF41 (DSCP 34),,,A,Tier B — verify answer on Cisco Tier A,2026-06-10
2026-06-10,openexamprep-encor,https://open-exam-prep.com/practice/cisco-350-401,350-401 v1.2,cisco-350-401-011,Which QoS tool ensures that excess traffic above a configured rate is dropped rather than buffered?,A. Traffic shaping,B. Traffic policing,C. WRED,D. LLQ,,,B,Tier B — verify answer on Cisco Tier A,2026-06-10
2026-06-10,openexamprep-encor,https://open-exam-prep.com/practice/cisco-350-401,350-401 v1.2,cisco-350-401-012,An engineer reads `policy-map WAN-OUT / class VOICE / priority percent 10`. What does the `priority` keyword guarantee for the VOICE class?,A. It enables WRED for that class,B. It assigns a strict-priority (LLQ) queue with a built-in policer at 10% of interface bandwidth,C. It shapes the class to 10% of the interface,D. It increases the class IP precedence to 5,,,B,Tier B — verify answer on Cisco Tier A,2026-06-10
2026-06-10,openexamprep-encor,https://open-exam-prep.com/practice/cisco-350-401,350-401 v1.2,cisco-350-401-013,Which FHRP is an open standard defined in RFC 5798 that allows multiple routers to share a virtual IP for a LAN?,A. HSRP,B. GLBP,C. VRRP,D. BGP,,,C,Tier B — verify answer on Cisco Tier A,2026-06-10
2026-06-10,openexamprep-encor,https://open-exam-prep.com/practice/cisco-350-401,350-401 v1.2,cisco-350-401-014,What is the primary advantage of GLBP over HSRP and VRRP?,A. GLBP encrypts hellos with IPsec by default,B. GLBP can load-balance traffic across multiple active forwarders for the same virtual IP,C. GLBP uses TCP for fast detection,D. GLBP requires no virtual IP,,,B,Tier B — verify answer on Cisco Tier A,2026-06-10
2026-06-10,openexamprep-encor,https://open-exam-prep.com/practice/cisco-350-401,350-401 v1.2,cisco-350-401-015,An engineer configures `aaa authentication login VTY-LIST group TACACS-SERVERS local` on a Cisco IOS-XE router and then `line vty 0 4 / login authentication VTY-LIST`. What is the resulting login behavior on the VTY lines?,"A. TACACS+ servers are tried first, then local username database if all TACACS+ servers are unreachable","B. Local users are tried first, then TACACS+",C. Only TACACS+ is used; local fallback is ignored,D. Authentication is disabled,,,A,Tier B — verify answer on Cisco Tier A,2026-06-10
2026-06-10,openexamprep-encor,https://open-exam-prep.com/practice/cisco-350-401,350-401 v1.2,cisco-350-401-016,Which statement best describes a Type 1 (bare-metal) hypervisor?,A. It runs on top of a host operating system such as Windows or macOS,B. It runs directly on physical server hardware without an underlying OS,"C. It only supports container workloads, not VMs",D. It requires a Type 2 hypervisor underneath it,,,B,Tier B — verify answer on Cisco Tier A,2026-06-10
2026-06-10,openexamprep-encor,https://open-exam-prep.com/practice/cisco-350-401,350-401 v1.2,cisco-350-401-017,Which component allows multiple virtual machines on a hypervisor to share physical NICs while still appearing on different VLANs?,A. vSwitch with port groups / VLAN tagging,B. Hardware RAID controller,C. iSCSI initiator,D. PCIe passthrough,,,A,Tier B — verify answer on Cisco Tier A,2026-06-10
2026-06-10,openexamprep-encor,https://open-exam-prep.com/practice/cisco-350-401,350-401 v1.2,cisco-350-401-018,An engineer configures `ip vrf RED` and `interface GigabitEthernet0/1 / ip vrf forwarding RED / ip address 10.1.1.1 255.255.255.0`. What is the effect?,A. The interface is removed from the global routing table and placed into the RED VRF,B. The interface is added to both the global table and the RED VRF,C. The IP address is translated by NAT,D. The interface is shut down until VRF authentication completes,,,A,Tier B — verify answer on Cisco Tier A,2026-06-10
2026-06-10,openexamprep-encor,https://open-exam-prep.com/practice/cisco-350-401,350-401 v1.2,cisco-350-401-019,Which tunneling option carries multicast and routing protocols natively without additional encapsulation tricks but provides no encryption?,A. GRE,B. IPsec transport mode,C. IPsec tunnel mode,D. MACsec,,,A,Tier B — verify answer on Cisco Tier A,2026-06-10
2026-06-10,openexamprep-encor,https://open-exam-prep.com/practice/cisco-350-401,350-401 v1.2,cisco-350-401-020,"When configuring a site-to-site IPsec VPN, which two phases of IKE describe the process? (Pick the best.)",A. IKE Phase 1 builds an ISAKMP/IKE SA; IKE Phase 2 negotiates IPsec SAs for data traffic,B. IKE Phase 1 only handles MTU; IKE Phase 2 only handles QoS,C. Both phases exchange certificates and nothing else,D. Phases are obsolete in IKEv2 and are replaced by EAP,,,A,Tier B — verify answer on Cisco Tier A,2026-06-10
2026-06-10,openexamprep-encor,https://open-exam-prep.com/practice/cisco-350-401,350-401 v1.2,cisco-350-401-021,Which two roles describe LISP components in an SD-Access fabric? (Choose the best single pairing.),"A. ITR/ETR encapsulate/decapsulate, and the Map Server/Map Resolver hold EID-to-RLOC mappings","B. ITR is a server, ETR is a client, both store user passwords","C. Map Server runs OSPF, Map Resolver runs BGP",D. ITR is the same as a vSmart controller,,,A,Tier B — verify answer on Cisco Tier A,2026-06-10
2026-06-10,openexamprep-encor,https://open-exam-prep.com/practice/cisco-350-401,350-401 v1.2,cisco-350-401-022,Which header field uniquely identifies a tenant or Layer 2 segment carried inside a VXLAN packet?,A. Source MAC,B. VLAN ID,C. VNI (VXLAN Network Identifier),D. TTL,,,C,Tier B — verify answer on Cisco Tier A,2026-06-10
2026-06-10,openexamprep-encor,https://open-exam-prep.com/practice/cisco-350-401,350-401 v1.2,cisco-350-401-023,Which control plane is most commonly paired with VXLAN in modern data-center fabrics to distribute MAC and IP reachability?,A. OSPFv3,B. BGP EVPN,C. EIGRP,D. RIPng,,,B,Tier B — verify answer on Cisco Tier A,2026-06-10
2026-06-10,openexamprep-encor,https://open-exam-prep.com/practice/cisco-350-401,350-401 v1.2,cisco-350-401-024,Which BGP EVPN route type advertises a host MAC address along with its associated IP address from a VTEP?,A. Type 1 - Ethernet auto-discovery,B. Type 2 - MAC/IP advertisement,C. Type 3 - Inclusive multicast,D. Type 5 - IP prefix,,,B,Tier B — verify answer on Cisco Tier A,2026-06-10
2026-06-10,openexamprep-encor,https://open-exam-prep.com/practice/cisco-350-401,350-401 v1.2,cisco-350-401-025,Which protocol does Cisco MACsec rely on to authenticate peers and dynamically derive the SAK (Security Association Key) used for frame encryption?,A. IKEv2,"B. MKA (MACsec Key Agreement, IEEE 802.1X-2010)",C. TLS 1.3,D. Diffie-Hellman over BGP,,,B,Tier B — verify answer on Cisco Tier A,2026-06-10
2026-06-10,openexamprep-encor,https://open-exam-prep.com/practice/cisco-350-401,350-401 v1.2,cisco-350-401-026,Which condition must be true for two switches to form an 802.1Q trunk with DTP set to dynamic auto on both ends?,A. The trunk forms automatically,B. The trunk does not form because both sides are passive (auto/auto),C. Only the higher MAC becomes a trunk,D. Trunking forms only after STP convergence,,,B,Tier B — verify answer on Cisco Tier A,2026-06-10
2026-06-10,openexamprep-encor,https://open-exam-prep.com/practice/cisco-350-401,350-401 v1.2,cisco-350-401-027,Which command on a Cisco IOS-XE switch hardcodes a port as a dot1Q trunk and disables DTP negotiation?,A. switchport mode dynamic desirable,B. switchport mode access,C. switchport mode trunk + switchport nonegotiate,D. switchport voice vlan 100,,,C,Tier B — verify answer on Cisco Tier A,2026-06-10
2026-06-10,openexamprep-encor,https://open-exam-prep.com/practice/cisco-350-401,350-401 v1.2,cisco-350-401-028,Which two protocols can negotiate an EtherChannel? (Pick the best pair description.),A. PAgP (Cisco proprietary) and LACP (IEEE 802.1AX/802.3ad),B. STP and DTP,C. OSPF and EIGRP,D. VTP and CDP,,,A,Tier B — verify answer on Cisco Tier A,2026-06-10
2026-06-10,openexamprep-encor,https://open-exam-prep.com/practice/cisco-350-401,350-401 v1.2,cisco-350-401-029,"Two PAgP-mode interfaces are configured: SwitchA channel-group 1 mode desirable, SwitchB channel-group 1 mode auto. Will the EtherChannel form?","A. Yes, because desirable initiates and auto accepts","B. No, because both sides must be set to on","C. No, because PAgP requires LACP on the other side","D. Yes, but only after STP brings the trunk up",,,A,Tier B — verify answer on Cisco Tier A,2026-06-10
2026-06-10,openexamprep-encor,https://open-exam-prep.com/practice/cisco-350-401,350-401 v1.2,cisco-350-401-030,Which Spanning Tree variant runs an instance per VLAN that maps to one or more configured MST instances and is defined in IEEE 802.1s?,A. PVST+,B. Rapid PVST+,C. MST,D. STP (802.1D),,,C,Tier B — verify answer on Cisco Tier A,2026-06-10
2026-06-10,openexamprep-encor,https://open-exam-prep.com/practice/cisco-350-401,350-401 v1.2,cisco-350-401-031,What does configuring `spanning-tree guard root` on a port do?,A. Forces the local switch to become root,"B. Puts the port into root-inconsistent (blocking) state if it receives a superior BPDU, preventing topology changes",C. Disables BPDUs entirely on that port,D. Increases the port priority to 0,,,B,Tier B — verify answer on Cisco Tier A,2026-06-10
2026-06-10,openexamprep-encor,https://open-exam-prep.com/practice/cisco-350-401,350-401 v1.2,cisco-350-401-032,Which Spanning Tree feature should you enable on access (host-facing) ports to immediately err-disable the port if any BPDU is received?,A. BPDU guard,B. BPDU filter,C. Loop guard,D. UDLD,,,A,Tier B — verify answer on Cisco Tier A,2026-06-10
2026-06-10,openexamprep-encor,https://open-exam-prep.com/practice/cisco-350-401,350-401 v1.2,cisco-350-401-033,Which routing protocol behavior best describes EIGRP compared to OSPF?,A. EIGRP is a link-state protocol; OSPF is distance-vector,B. EIGRP is an advanced distance-vector protocol; OSPF is a link-state protocol,C. Both are pure distance-vector and use Bellman-Ford,D. Both build the SPF tree from LSAs,,,B,Tier B — verify answer on Cisco Tier A,2026-06-10
2026-06-10,openexamprep-encor,https://open-exam-prep.com/practice/cisco-350-401,350-401 v1.2,cisco-350-401-034,Which OSPF area type permits external (Type 5) LSAs to be redistributed in but does NOT carry Type 5 LSAs internally — instead converting them to Type 7?,A. Stub,B. Totally stubby,C. NSSA (Not-So-Stubby Area),D. Backbone,,,C,Tier B — verify answer on Cisco Tier A,2026-06-10
2026-06-10,openexamprep-encor,https://open-exam-prep.com/practice/cisco-350-401,350-401 v1.2,cisco-350-401-035,"Which OSPF area type blocks Type 5 (external) AND Type 3 (inter-area summary) LSAs, allowing only a default route from the ABR?",A. Stub area,B. Totally stubby area,C. NSSA,D. Totally NSSA,,,B,Tier B — verify answer on Cisco Tier A,2026-06-10
2026-06-10,openexamprep-encor,https://open-exam-prep.com/practice/cisco-350-401,350-401 v1.2,cisco-350-401-036,"On an OSPF point-to-point Ethernet link, what is the default network type behavior?",A. Broadcast — DR/BDR election occurs,"B. Point-to-point — no DR/BDR election, faster adjacency",C. Non-broadcast — manual neighbor required,D. Point-to-multipoint — multiple neighbors per subnet,,,B,Tier B — verify answer on Cisco Tier A,2026-06-10
2026-06-10,openexamprep-encor,https://open-exam-prep.com/practice/cisco-350-401,350-401 v1.2,cisco-350-401-037,Which command makes a router-facing interface OSPF-passive on Cisco IOS-XE so the device does not send/receive OSPF hellos out of it?,A. router ospf 1 / passive-interface GigabitEthernet0/0,B. interface GigabitEthernet0/0 / no ip ospf hello,C. interface GigabitEthernet0/0 / ip ospf priority 0,D. router ospf 1 / network 0.0.0.0 255.255.255.255 area 0,,,A,Tier B — verify answer on Cisco Tier A,2026-06-10
2026-06-10,openexamprep-encor,https://open-exam-prep.com/practice/cisco-350-401,350-401 v1.2,cisco-350-401-038,Which BGP path attribute does Cisco use FIRST in best-path selection (after dropping invalid paths)?,A. AS_PATH length,"B. WEIGHT (Cisco-proprietary, locally significant)",C. Origin,D. MED (Multi-Exit Discriminator),,,B,Tier B — verify answer on Cisco Tier A,2026-06-10
2026-06-10,openexamprep-encor,https://open-exam-prep.com/practice/cisco-350-401,350-401 v1.2,cisco-350-401-039,"An eBGP session is between two routers that are NOT directly connected (e.g., separated by a switch and an extra hop). Which command must be applied so the session can come up?",A. neighbor X.X.X.X next-hop-self,B. neighbor X.X.X.X ebgp-multihop <ttl>,C. neighbor X.X.X.X soft-reconfiguration inbound,D. neighbor X.X.X.X disable-connected-check (alone),,,B,Tier B — verify answer on Cisco Tier A,2026-06-10
2026-06-10,openexamprep-encor,https://open-exam-prep.com/practice/cisco-350-401,350-401 v1.2,cisco-350-401-040,"Which feature lets a router forward traffic based on policy (e.g., source IP) instead of normal destination-based routing?",A. PBR (Policy-Based Routing),B. uRPF,C. BGP route reflection,D. Inter-VLAN routing,,,A,Tier B — verify answer on Cisco Tier A,2026-06-10
2026-06-10,openexamprep-encor,https://open-exam-prep.com/practice/cisco-350-401,350-401 v1.2,cisco-350-401-041,Which time-synchronization protocol delivers nanosecond-class accuracy by using hardware time-stamping at the PHY/MAC and is increasingly required for sensitive applications?,A. NTP,B. SNTP,C. PTP (IEEE 1588),D. CDP,,,C,Tier B — verify answer on Cisco Tier A,2026-06-10
2026-06-10,openexamprep-encor,https://open-exam-prep.com/practice/cisco-350-401,350-401 v1.2,cisco-350-401-042,Which feature translates many internal addresses to a single external address by tracking unique source ports?,A. Static NAT,B. PAT (NAT overload),C. Twice-NAT,D. NAT64,,,B,Tier B — verify answer on Cisco Tier A,2026-06-10
2026-06-10,openexamprep-encor,https://open-exam-prep.com/practice/cisco-350-401,350-401 v1.2,cisco-350-401-043,Which HSRP state are routers in when they have not yet sent or received any HSRP hellos and are waiting for the timers/configuration to come up?,A. Listen,B. Init,C. Active,D. Speak,,,B,Tier B — verify answer on Cisco Tier A,2026-06-10
2026-06-10,openexamprep-encor,https://open-exam-prep.com/practice/cisco-350-401,350-401 v1.2,cisco-350-401-044,Which command on a Cisco IOS-XE router enables HSRP version 2 on an interface so it can support IPv6 and large group numbers?,A. standby version 2,B. hsrp version 2,C. vrrp version 3,D. ip hsrp ipv6,,,A,Tier B — verify answer on Cisco Tier A,2026-06-10
2026-06-10,openexamprep-encor,https://open-exam-prep.com/practice/cisco-350-401,350-401 v1.2,cisco-350-401-045,What does an RPF (Reverse Path Forwarding) check do in a multicast network?,A. Verifies that the multicast packet arrived on the interface used to reach the source unicast IP; otherwise drops it,B. Encrypts the multicast payload before forwarding,C. Selects the best multicast metric using BGP,D. Translates multicast to broadcast,,,A,Tier B — verify answer on Cisco Tier A,2026-06-10
2026-06-10,openexamprep-encor,https://open-exam-prep.com/practice/cisco-350-401,350-401 v1.2,cisco-350-401-046,Which PIM mode requires a Rendezvous Point (RP) for sources and receivers to discover each other before switching to the shortest-path tree?,A. PIM Dense Mode,B. PIM Sparse Mode,C. BIDIR-PIM only,D. PIM SSM,,,B,Tier B — verify answer on Cisco Tier A,2026-06-10
2026-06-10,openexamprep-encor,https://open-exam-prep.com/practice/cisco-350-401,350-401 v1.2,cisco-350-401-047,Which mechanism allows multiple routers to act as anycast RPs for the same group range and synchronize active sources between them?,A. BSR alone,B. Auto-RP alone,C. MSDP (Multicast Source Discovery Protocol),D. PIM Snooping,,,C,Tier B — verify answer on Cisco Tier A,2026-06-10
2026-06-10,openexamprep-encor,https://open-exam-prep.com/practice/cisco-350-401,350-401 v1.2,cisco-350-401-048,Which Cisco RP discovery mechanism floods candidate-RP information using the IETF RFC 5059 BSR (Bootstrap Router) approach?,A. Auto-RP,B. Static RP,C. BSR,D. AnyCast RP via MSDP,,,C,Tier B — verify answer on Cisco Tier A,2026-06-10
2026-06-10,openexamprep-encor,https://open-exam-prep.com/practice/cisco-350-401,350-401 v1.2,cisco-350-401-049,"Which IGMP version introduced source filtering, allowing a host to request a specific (S,G) for SSM?",A. IGMPv1,B. IGMPv2,C. IGMPv3,D. MLDv1,,,C,Tier B — verify answer on Cisco Tier A,2026-06-10
2026-06-10,openexamprep-encor,https://open-exam-prep.com/practice/cisco-350-401,350-401 v1.2,cisco-350-401-050,Which characteristic distinguishes BIDIR-PIM from PIM-SM?,A. BIDIR-PIM does not require an RP,"B. BIDIR-PIM uses a single shared bidirectional tree where the RP is the root and traffic flows up and down without (S,G) state",C. BIDIR-PIM requires IGMPv3 only,D. BIDIR-PIM does not support IPv4,,,B,Tier B — verify answer on Cisco Tier A,2026-06-10
2026-06-10,openexamprep-encor,https://open-exam-prep.com/practice/cisco-350-401,350-401 v1.2,cisco-350-401-051,An OSPFv3 instance is being configured for IPv6 on Cisco IOS-XE. Which form does the address-family configuration take in modern code?,A. router ospfv3 1 / address-family ipv6 unicast,B. router ospf 1 / network 0::/0 area 0,C. ipv6 ospf area 0,D. router rip / version 2,,,A,Tier B — verify answer on Cisco Tier A,2026-06-10
2026-06-10,openexamprep-encor,https://open-exam-prep.com/practice/cisco-350-401,350-401 v1.2,cisco-350-401-052,Which OSPF metric (cost) is calculated by IOS for a default 1 Gbps interface using the standard reference bandwidth of 100 Mbps?,A. 1,B. 10,C. 100,D. 1000,,,A,Tier B — verify answer on Cisco Tier A,2026-06-10
2026-06-10,openexamprep-encor,https://open-exam-prep.com/practice/cisco-350-401,350-401 v1.2,cisco-350-401-053,Which command shows a router's BGP best path and the reason it was selected for a specific prefix?,A. show ip route bgp,B. show ip bgp <prefix>,C. show running-config | section bgp,D. show ip protocols,,,B,Tier B — verify answer on Cisco Tier A,2026-06-10
2026-06-10,openexamprep-encor,https://open-exam-prep.com/practice/cisco-350-401,350-401 v1.2,cisco-350-401-054,"Which CoPP design choice protects routing protocol exchanges (BGP, OSPF) from being unintentionally rate-limited along with everything else?",A. Place all traffic into one default class and police it,B. Classify routing-protocol traffic into its own class and either trust it (no policer) or set a high CIR; rate-limit other classes more aggressively,C. Disable CoPP on the BGP-facing interface only,D. Apply CoPP only on the user-facing interface,,,B,Tier B — verify answer on Cisco Tier A,2026-06-10
2026-06-10,openexamprep-encor,https://open-exam-prep.com/practice/cisco-350-401,350-401 v1.2,cisco-350-401-055,An engineer types `debug ip ospf adjacency` to investigate a stuck-in-EXSTART neighbor. What is the most likely root cause?,A. Incorrect MTU on one of the two interfaces,B. Mismatched OSPF area numbers,C. BGP synchronization is enabled,D. STP is disabled,,,A,Tier B — verify answer on Cisco Tier A,2026-06-10
2026-06-10,openexamprep-encor,https://open-exam-prep.com/practice/cisco-350-401,350-401 v1.2,cisco-350-401-056,Which command sequence places a named extended ACL on a Cisco IOS-XE router and applies it inbound on GigabitEthernet0/1?,A. ip access-list standard BLOCK / deny 10.0.0.0 0.255.255.255 / interface Gi0/1 / ip access-group BLOCK in,B. ip access-list extended BLOCK / deny tcp any any eq 23 / permit ip any any / interface Gi0/1 / ip access-group BLOCK in,C. access-list 1 deny 10.0.0.0 0.255.255.255 / interface Gi0/1 / ip access-list BLOCK out,D. ip access-group BLOCK any any,,,B,Tier B — verify answer on Cisco Tier A,2026-06-10
2026-06-10,openexamprep-encor,https://open-exam-prep.com/practice/cisco-350-401,350-401 v1.2,cisco-350-401-057,Which session type lets you mirror traffic from a switch to a remote analyzer over a routed Layer 3 network using GRE encapsulation?,A. Local SPAN,B. RSPAN,C. ERSPAN,D. SNMP trap,,,C,Tier B — verify answer on Cisco Tier A,2026-06-10
2026-06-10,openexamprep-encor,https://open-exam-prep.com/practice/cisco-350-401,350-401 v1.2,cisco-350-401-058,Which IP SLA operation is best suited for measuring one-way jitter and latency between two routers acting as IP SLA responder/source?,A. ICMP echo,B. UDP jitter,C. DNS lookup,D. HTTP get,,,B,Tier B — verify answer on Cisco Tier A,2026-06-10
2026-06-10,openexamprep-encor,https://open-exam-prep.com/practice/cisco-350-401,350-401 v1.2,cisco-350-401-059,"Which tool in Cisco Catalyst Center (formerly DNA Center) uses telemetry, ML, and AI workflows to detect issues such as poor wireless coverage or APP performance anomalies?",A. Inventory,B. AI Endpoint Analytics,C. Catalyst Center AI/ML Assurance and AI Network Analytics,D. Cisco Webex Connect,,,C,Tier B — verify answer on Cisco Tier A,2026-06-10
2026-06-10,openexamprep-encor,https://open-exam-prep.com/practice/cisco-350-401,350-401 v1.2,cisco-350-401-060,Which transport does NETCONF use by default to communicate with a Cisco IOS-XE device?,A. HTTPS,B. SSH,C. Telnet,D. TFTP,,,B,Tier B — verify answer on Cisco Tier A,2026-06-10
2026-06-10,openexamprep-encor,https://open-exam-prep.com/practice/cisco-350-401,350-401 v1.2,cisco-350-401-061,Which transport and content type does RESTCONF (RFC 8040) use?,A. HTTPS with JSON or XML payloads,B. SSH with binary payloads,C. FTP with YAML payloads,D. SNMP with MIB payloads,,,A,Tier B — verify answer on Cisco Tier A,2026-06-10
2026-06-10,openexamprep-encor,https://open-exam-prep.com/practice/cisco-350-401,350-401 v1.2,cisco-350-401-062,"An engineer captures a syslog message: `%LINEPROTO-5-UPDOWN: Line protocol on Interface GigabitEthernet0/1, changed state to down`. What is the severity level (number) shown by `5`?",A. 0 = emergencies,B. 5 = notification,C. 7 = debugging,D. 3 = error,,,B,Tier B — verify answer on Cisco Tier A,2026-06-10
2026-06-10,openexamprep-encor,https://open-exam-prep.com/practice/cisco-350-401,350-401 v1.2,cisco-350-401-063,Which security level of SNMPv3 provides authentication AND encryption of payload?,A. noAuthNoPriv,B. authNoPriv,C. authPriv,D. encryptOnly,,,C,Tier B — verify answer on Cisco Tier A,2026-06-10
2026-06-10,openexamprep-encor,https://open-exam-prep.com/practice/cisco-350-401,350-401 v1.2,cisco-350-401-064,Which Cisco feature lets you generate detailed per-packet decisions on debug output only when matching specific criteria such as source IP or interface?,A. Conditional debug,B. Embedded Packet Capture,C. Wireshark on the switch,D. RMON alarm,,,A,Tier B — verify answer on Cisco Tier A,2026-06-10
2026-06-10,openexamprep-encor,https://open-exam-prep.com/practice/cisco-350-401,350-401 v1.2,cisco-350-401-065,Which command configures a local username with privilege 15 access on Cisco IOS-XE?,A. username admin secret cisco123,B. username admin privilege 15 secret Cisco123!,C. ip http authentication local,D. aaa new-model,,,B,Tier B — verify answer on Cisco Tier A,2026-06-10
2026-06-10,openexamprep-encor,https://open-exam-prep.com/practice/cisco-350-401,350-401 v1.2,cisco-350-401-066,"Which AAA protocol is Cisco-proprietary, encrypts the entire payload, and separates Authentication, Authorization, and Accounting?",A. RADIUS,B. TACACS+,C. LDAP,D. Kerberos,,,B,Tier B — verify answer on Cisco Tier A,2026-06-10
2026-06-10,openexamprep-encor,https://open-exam-prep.com/practice/cisco-350-401,350-401 v1.2,cisco-350-401-067,Which command activates the AAA framework on a Cisco IOS-XE router (mandatory before configuring TACACS+/RADIUS server groups for login)?,A. tacacs server NAME,B. aaa new-model,C. login authentication default,D. service password-encryption,,,B,Tier B — verify answer on Cisco Tier A,2026-06-10
2026-06-10,openexamprep-encor,https://open-exam-prep.com/practice/cisco-350-401,350-401 v1.2,cisco-350-401-068,"Which IOS-XE feature protects the route processor by rate-limiting traffic destined to the control plane (e.g., BGP, SSH, ICMP) using a service-policy?",A. uRPF,B. CoPP (Control Plane Policing),C. Storm control,D. DHCP snooping,,,B,Tier B — verify answer on Cisco Tier A,2026-06-10
2026-06-10,openexamprep-encor,https://open-exam-prep.com/practice/cisco-350-401,350-401 v1.2,cisco-350-401-069,An ACL is written: `permit tcp any host 10.1.1.10 eq 443 / deny ip any host 10.1.1.10 / permit ip any any`. What does it accomplish?,"A. Allows only HTTPS to host 10.1.1.10 from any source, denies all other IP to that host, permits everything else",B. Blocks all traffic,C. Allows all traffic to host 10.1.1.10 because the last line permits any,D. Allows only ICMP to host 10.1.1.10,,,A,Tier B — verify answer on Cisco Tier A,2026-06-10
2026-06-10,openexamprep-encor,https://open-exam-prep.com/practice/cisco-350-401,350-401 v1.2,cisco-350-401-070,Which authentication mechanism is most commonly used to secure REST APIs that expose Cisco Catalyst Center programmability?,A. Anonymous access,B. Token-based authentication (Bearer token from /dna/system/api/v1/auth/token),C. TACACS+ shared secret in URL,D. OSPF MD5,,,B,Tier B — verify answer on Cisco Tier A,2026-06-10
2026-06-10,openexamprep-encor,https://open-exam-prep.com/practice/cisco-350-401,350-401 v1.2,cisco-350-401-071,Which security model does Cisco TrustSec use to enforce policy across a network independent of IP addresses?,A. ACL-on-every-port,B. Group-based policy using Security Group Tags (SGT) propagated inline or via SXP,C. Per-MAC VLAN access lists,D. VRF leaking,,,B,Tier B — verify answer on Cisco Tier A,2026-06-10
2026-06-10,openexamprep-encor,https://open-exam-prep.com/practice/cisco-350-401,350-401 v1.2,cisco-350-401-072,"Which IEEE standard defines MACsec, the Layer-2 link encryption used between switches and from endpoints to switches?",A. IEEE 802.1X,B. IEEE 802.1AE,C. IEEE 802.1Q,D. IEEE 802.3ad,,,B,Tier B — verify answer on Cisco Tier A,2026-06-10
2026-06-10,openexamprep-encor,https://open-exam-prep.com/practice/cisco-350-401,350-401 v1.2,cisco-350-401-073,Which Cisco product line is the primary next-generation firewall (NGFW) referenced in modern enterprise security designs?,A. Cisco Catalyst 9300,B. Cisco Secure Firewall (Firepower) with FTD,C. Cisco Nexus 9000,D. Cisco AnyConnect,,,B,Tier B — verify answer on Cisco Tier A,2026-06-10
2026-06-10,openexamprep-encor,https://open-exam-prep.com/practice/cisco-350-401,350-401 v1.2,cisco-350-401-074,"Which endpoint security capability checks for posture (e.g., AV running, OS patched) before granting full network access?",A. Cisco AMP for Endpoints (Secure Endpoint) signature update,B. ISE Posture (with Cisco Secure Client),C. EIGRP Hello,D. SNMP RO community,,,B,Tier B — verify answer on Cisco Tier A,2026-06-10
2026-06-10,openexamprep-encor,https://open-exam-prep.com/practice/cisco-350-401,350-401 v1.2,cisco-350-401-075,Which API security control protects a REST endpoint from brute-force credential attempts by limiting the number of requests per source per second?,A. Rate limiting / throttling,B. Disabling HTTPS,C. Removing all authentication,D. Storing tokens in plain HTTP comments,,,A,Tier B — verify answer on Cisco Tier A,2026-06-10
2026-06-10,openexamprep-encor,https://open-exam-prep.com/practice/cisco-350-401,350-401 v1.2,cisco-350-401-076,Which Python library is most commonly used to make REST API calls to Cisco Catalyst Center or RESTCONF endpoints?,A. requests,B. paramiko,C. scapy,D. matplotlib,,,A,Tier B — verify answer on Cisco Tier A,2026-06-10
2026-06-10,openexamprep-encor,https://open-exam-prep.com/practice/cisco-350-401,350-401 v1.2,cisco-350-401-077,Which Python construct correctly represents a JSON-style dictionary with two keys?,"A. {'hostname': 'R1', 'ip': '10.0.0.1'}","B. ['hostname', 'R1', 'ip', '10.0.0.1']","C. (hostname=R1, ip=10.0.0.1)",D. <hostname>R1</hostname><ip>10.0.0.1</ip>,,,A,Tier B — verify answer on Cisco Tier A,2026-06-10
2026-06-10,openexamprep-encor,https://open-exam-prep.com/practice/cisco-350-401,350-401 v1.2,cisco-350-401-078,Which JSON snippet is syntactically valid?,"A. { ""hostname"": ""R1"", ""ip"": ""10.0.0.1"" }","B. { hostname: 'R1', ip: '10.0.0.1' }","C. { 'hostname' = 'R1', 'ip' = '10.0.0.1' }",D. [ hostname: R1; ip: 10.0.0.1 ],,,A,Tier B — verify answer on Cisco Tier A,2026-06-10
2026-06-10,openexamprep-encor,https://open-exam-prep.com/practice/cisco-350-401,350-401 v1.2,cisco-350-401-079,Which statement BEST describes YANG?,A. YANG is a transport protocol used by NETCONF,"B. YANG is a data-modeling language that defines the structure, types, and constraints of network configuration and state data",C. YANG is a hashing algorithm for OSPF authentication,D. YANG is a Cisco-only proprietary CLI shell,,,B,Tier B — verify answer on Cisco Tier A,2026-06-10
2026-06-10,openexamprep-encor,https://open-exam-prep.com/practice/cisco-350-401,350-401 v1.2,cisco-350-401-080,Which HTTP response code indicates a REST request was successful and a new resource was created?,A. 200 OK,B. 201 Created,C. 204 No Content,D. 401 Unauthorized,,,B,Tier B — verify answer on Cisco Tier A,2026-06-10
2026-06-10,openexamprep-encor,https://open-exam-prep.com/practice/cisco-350-401,350-401 v1.2,cisco-350-401-081,Which HTTP response code in the 4xx range typically indicates the client supplied invalid or missing authentication credentials?,A. 400 Bad Request,B. 401 Unauthorized,C. 403 Forbidden,D. 404 Not Found,,,B,Tier B — verify answer on Cisco Tier A,2026-06-10
2026-06-10,openexamprep-encor,https://open-exam-prep.com/practice/cisco-350-401,350-401 v1.2,cisco-350-401-082,Which HTTP method does RESTCONF use to PARTIALLY update a resource (modify selected fields without overwriting the whole object)?,A. GET,B. POST,C. PUT,D. PATCH,,,D,Tier B — verify answer on Cisco Tier A,2026-06-10
2026-06-10,openexamprep-encor,https://open-exam-prep.com/practice/cisco-350-401,350-401 v1.2,cisco-350-401-083,Which Cisco Catalyst Center API category lets a developer trigger an intent-based action such as creating a site or onboarding a device through a JSON payload?,A. Intent APIs,B. Integration APIs (Multivendor SDK),C. Events APIs,D. Audit log APIs,,,A,Tier B — verify answer on Cisco Tier A,2026-06-10
2026-06-10,openexamprep-encor,https://open-exam-prep.com/practice/cisco-350-401,350-401 v1.2,cisco-350-401-084,"Which Cisco Catalyst SD-WAN component exposes a REST API for monitoring devices, fetching templates, and pushing policy changes?",A. vBond,B. vSmart,C. vManage (Cisco SD-WAN Manager),D. WAN Edge router,,,C,Tier B — verify answer on Cisco Tier A,2026-06-10
2026-06-10,openexamprep-encor,https://open-exam-prep.com/practice/cisco-350-401,350-401 v1.2,cisco-350-401-085,Which of the following is a valid IOS-XE EEM applet that emails the running config when interface GigabitEthernet0/0 goes down?,"A. event manager applet IFDOWN / event syslog pattern ""Interface GigabitEthernet0/0, changed state to down"" / action 1.0 cli command ""enable"" / action 2.0 cli command ""show running-config"" / action 3.0 mail server ...",B. configure terminal / interface GigabitEthernet0/0 / shutdown,C. router ospf 1 / network 0.0.0.0 area 0,D. ip access-list extended IFDOWN / permit ip any any,,,A,Tier B — verify answer on Cisco Tier A,2026-06-10
2026-06-10,openexamprep-encor,https://open-exam-prep.com/practice/cisco-350-401,350-401 v1.2,cisco-350-401-086,Which configuration block forces VTY (remote admin) access on a Cisco IOS-XE router to use SSH only and apply the AAA login method?,A. line vty 0 4 / transport input telnet ssh / no login,B. line vty 0 4 / transport input ssh / login authentication default,C. line con 0 / no exec / transport input none,D. line vty 0 4 / privilege level 15 / no transport input,,,B,Tier B — verify answer on Cisco Tier A,2026-06-10
2026-06-10,openexamprep-encor,https://open-exam-prep.com/practice/cisco-350-401,350-401 v1.2,cisco-350-401-087,"When a TrustSec-capable hop receives an SGT-tagged frame from a TrustSec peer and forwards it to a downstream non-TrustSec switch, which Cisco protocol is most often used to communicate the SGT mapping to the non-TrustSec device?",A. SXP (Security Group Tag Exchange Protocol) over TCP/64999,B. GLBP,C. VRRP advertisements,D. OSPF opaque LSA,,,A,Tier B — verify answer on Cisco Tier A,2026-06-10
2026-06-10,openexamprep-encor,https://open-exam-prep.com/practice/cisco-350-401,350-401 v1.2,cisco-350-401-088,"An engineer runs `requests.get(url, headers={'X-Auth-Token': token}, verify=False)` against Catalyst Center. What is the security implication of `verify=False`?",A. Sends the request without authentication,B. Disables TLS server-certificate verification - convenient in lab but exposes the call to MITM attacks in production,C. Makes the request asynchronous,D. Caches the response indefinitely,,,B,Tier B — verify answer on Cisco Tier A,2026-06-10
2026-06-10,openexamprep-encor,https://open-exam-prep.com/practice/cisco-350-401,350-401 v1.2,cisco-350-401-089,Which Python statement best parses a JSON response body returned by `r = requests.get(url)` into a Python dictionary?,A. data = r.text,B. data = r.json(),C. data = json.dumps(r),D. data = pickle.loads(r),,,B,Tier B — verify answer on Cisco Tier A,2026-06-10
2026-06-10,openexamprep-encor,https://open-exam-prep.com/practice/cisco-350-401,350-401 v1.2,cisco-350-401-090,What is a primary benefit of model-driven telemetry (MDT) over legacy SNMP polling?,A. MDT uses CMS over UDP without a model,"B. MDT pushes structured YANG-modeled data over gRPC/NETCONF subscriptions, scaling and timeliness much better than SNMP polling",C. MDT removes the need for any encryption,D. MDT works only on legacy IOS without IOS-XE support,,,B,Tier B — verify answer on Cisco Tier A,2026-06-10
2026-06-10,openexamprep-encor,https://open-exam-prep.com/practice/cisco-350-401,350-401 v1.2,cisco-350-401-091,Which feature of Cisco Catalyst Center's AI-powered workflows generates a baseline of network behavior and flags deviations such as unusually high latency on a wireless SSID?,A. Static thresholding,B. AI Network Analytics with anomaly detection,C. SNMP traps only,D. Manual NetFlow review,,,B,Tier B — verify answer on Cisco Tier A,2026-06-10
2026-06-10,openexamprep-encor,https://open-exam-prep.com/practice/cisco-350-401,350-401 v1.2,cisco-350-401-092,"Which command produces a quick interface health snapshot including counters, errors, and state on Cisco IOS-XE?",A. show running-config,B. show interfaces,C. show ip route,D. show vlan brief,,,B,Tier B — verify answer on Cisco Tier A,2026-06-10
2026-06-10,openexamprep-encor,https://open-exam-prep.com/practice/cisco-350-401,350-401 v1.2,cisco-350-401-093,Which two PIM-SM router roles are required so a receiver can receive multicast traffic for the first time before any SPT switchover? (Choose the best statement.),"A. First-hop router (FHR) registers the source with the RP, last-hop router (LHR) joins the shared (RPT) tree toward the RP",B. Both FHR and LHR run BGP,C. Only the RP forwards traffic; FHR and LHR are passive,"D. FHR runs OSPF, LHR runs EIGRP",,,A,Tier B — verify answer on Cisco Tier A,2026-06-10
2026-06-10,openexamprep-encor,https://open-exam-prep.com/practice/cisco-350-401,350-401 v1.2,cisco-350-401-094,"Which command displays the current PIM RP-to-group mapping, including learning method (static, BSR, Auto-RP)?",A. show ip mroute,B. show ip pim rp mapping,C. show ip pim neighbor,D. show ip igmp groups,,,B,Tier B — verify answer on Cisco Tier A,2026-06-10
2026-06-10,openexamprep-encor,https://open-exam-prep.com/practice/cisco-350-401,350-401 v1.2,cisco-350-401-095,An engineer needs to configure a tunnel interface for site-to-site GRE between two Cisco routers. Which two interface commands establish a basic working unencrypted GRE tunnel? (Choose the best.),A. tunnel mode gre ip / tunnel source <intf-or-ip> / tunnel destination <peer-ip>,B. tunnel mode ipsec ipv4 only,C. switchport mode trunk,D. ip ospf network point-to-point,,,A,Tier B — verify answer on Cisco Tier A,2026-06-10
2026-06-10,openexamprep-encor,https://open-exam-prep.com/practice/cisco-350-401,350-401 v1.2,cisco-350-401-096,Which two key fields uniquely identify an EtherChannel hashing decision when set to `port-channel load-balance src-dst-ip`? (Best answer.),A. Source IP and destination IP of the packet,B. Source MAC and VLAN ID,C. Source TCP/UDP port only,D. Random number generator output,,,A,Tier B — verify answer on Cisco Tier A,2026-06-10
2026-06-10,openexamprep-encor,https://open-exam-prep.com/practice/cisco-350-401,350-401 v1.2,cisco-350-401-097,Which RESTCONF root URI prefix is used to access configuration data on a Cisco IOS-XE device?,A. /restconf/data,B. /dna/intent/api/v1,C. /api/v2/system,D. /.well-known/host-meta,,,A,Tier B — verify answer on Cisco Tier A,2026-06-10
2026-06-10,openexamprep-encor,https://open-exam-prep.com/practice/cisco-350-401,350-401 v1.2,cisco-350-401-098,Which Python module is most commonly used to interact with NETCONF on Cisco IOS-XE?,A. ncclient,B. requests,C. matplotlib,D. tkinter,,,A,Tier B — verify answer on Cisco Tier A,2026-06-10
2026-06-10,openexamprep-encor,https://open-exam-prep.com/practice/cisco-350-401,350-401 v1.2,cisco-350-401-099,Which sequence reflects the RECOMMENDED Cisco order of operations to onboard a new Catalyst SD-WAN edge router (cEdge)?,A. Edge -> vBond authenticates -> vManage attaches templates -> vSmart distributes OMP routes/policy,B. Edge -> vAnalytics -> vManage -> vSmart,C. Edge -> vSmart -> vBond -> vManage,"D. Edge -> any controller in any order, no orchestration needed",,,A,Tier B — verify answer on Cisco Tier A,2026-06-10
2026-06-10,openexamprep-encor,https://open-exam-prep.com/practice/cisco-350-401,350-401 v1.2,cisco-350-401-100,"Which statement BEST summarizes the relationship among Cisco Catalyst Center, NETCONF/RESTCONF, and YANG?","A. NETCONF/RESTCONF transports YANG-modeled config and state, while Catalyst Center wraps these and adds intent-based REST APIs and AI workflows for Day-N operations",B. Catalyst Center replaces YANG with proprietary CSV files,C. YANG runs over SNMP only,D. NETCONF and RESTCONF cannot coexist on the same device,,,A,Tier B — verify answer on Cisco Tier A,2026-06-10
