id,brand,domain,sy0_701_url,category,primary_deliverable,claimed_questions,claimed_last_update,price_pdf_usd,price_qa_bundle_usd,price_study_guide_pdf_usd,requires_vce_ete_desktop,simulator_type,pbq_in_browser,adaptive_study,popup_ux_aggressiveness,outdated_content_signals,dump_terminology_in_url_or_h1,money_back_first_try_claim,free_tier,syndicated_891_bundle,bct_positioning_angle,research_date,notes
1,DumpsMate,dumpsmate.com,https://www.dumpsmate.com/SY0-701-exam.html,pdf_dump_retailer,PDF + optional testing engine,821,2026-05-14,,,,"Yes (testing engine)","Desktop test engine; 3 claimed simulations in count",No,No,High,"Same Q counts as clone network; hotspot/sim counts tiny vs real SY0-701 PBQ load",Yes,Yes,PDF demo,Yes,"700+ interactive bank; browser PBQ sims; no PDF",2026-06-03,"Printable PDF + mobile-friendly claims; weekly update marketing"
2,DumpsPDF,dumpspdf.com,https://www.dumpspdf.com/SY0-701.html,pdf_dump_retailer,PDF Q&A,821,2026-05-20,,,,"Optional engine","PDF-first",No,No,High,"Footer copy still references old exam year in places; generic guarantee language",Yes,Yes,Free demo,Yes,"Verified explanations; objectives v5.0; not static dump",2026-06-03,"Chat widget; instant download after cart"
3,CertEmpire,certempire.com,https://certempire.com/exam/sy0-701-exam-questions/,pdf_dump_retailer,PDF + claimed exam simulator,Not stated on hero,2026 (rolling),,,,"Yes","Web simulator + exam mode (still dump-sourced content)",Limited,Partial,High,"Anti-dump copy while selling dumps; warns SY0-601-only banks",Yes,Yes,Free samples,Unknown,"Adaptive review in browser; domain tracking",2026-06-03,"Long-form SEO; positions against cram PDFs"
4,SPOTO,cciedump.spoto.net,https://cciedump.spoto.net/comptia-sy0-701-exam-dumps.php,pdf_dump_retailer,PDF + VCE + online practice,10 (free sample),2026,,,,"Yes (VCE)","Online practice test; PDF on request via sales",No,No,High,"Admits free dumps outdated; Cisco-focused brand cross-sells Security+",Yes,Yes,10-question PDF,Unknown,"Full timed sim + hot-spot labs in browser",2026-06-03,"Contact sales for PDF; enterprise/chat lead gen"
5,ActualTests,actualtests.com,https://www.actualtests.com/exam-SY0-701.htm,subscription_dump_club,PDF + testing engine (all-you-can-eat),1000+ vendors,Undated,149.00 (unlimited access),,,,"Yes","Downloadable engine + PDF per exam",No,No,High,"Unlimited-access model; anti-free-dump rhetoric while selling dumps",Yes,Yes,Limited,Unknown,"$19.99 one-time 30-day browser library vs $149 sub",2026-06-03,"Positions against cheap/free braindumps"
6,Exams4Sure,exams4sure.com,https://www.exams4sure.com/comptia/sy0-701-practice-exam-dumps.html,pdf_dump_retailer,PDF + test engine,814,2026-04-15,,45-99 (tiered),,"Yes","Interactive test engine mirror claim",No,No,High,"Heavy pass-guarantee; discount timers",Yes,Yes,Free practice test,Unknown,"Single price transparent; no subscription trap",2026-06-03,"PayPal; 90-day update subscription"
7,PrepAway,prepaway.com,https://www.prepaway.com/sy0-701-exam.html,syndicated_marketplace,ETE/VCE premium file + PDF study guide,891,2026-05-08,49.99 (premium file),79.99-109.97 (bundle),24.99 (1003-page PDF),Yes (Vumingo ETE),"ETE format; drag/drop claimed in marketing only",No,No,Very High,"Last week results stats; 92.9% word-for-word claims; bundles course+PDF",Yes,Yes,Free ETE samples,Yes,"No third-party ETE install; real browser PBQ",2026-06-03,"Same 891 Q / 1003-page guide across ExamCollection & Exam-Labs"
8,ExamCollection,examcollection.com,https://www.examcollection.com/SY0-701.html,syndicated_marketplace,VCE dumps + PDF guide,891,Undated,,Bundle pricing,,Yes (Avanset VCE),"User-uploaded VCE files",No,No,Very High,"Requires separate VCE player; community uploads unverified",Yes,Yes,Free VCE files,Yes,"Official-style browser sim; no memorization-only PDF",2026-06-03,"Clone of PrepAway ecosystem messaging"
9,Exam-Labs,exam-labs.com,https://www.exam-labs.com/dumps/SY0-701,syndicated_marketplace,VCE premium + PDF study guide,891,2026-05-28,,Discounted bundle,,Yes,"VCE Virtual CertExam format",No,No,Very High,"Disclaimer that member uploads may be unreliable",Yes,Yes,Free VCE sign-up,Yes,"700+ questions; adaptive; federal/contractor deadline copy",2026-06-03,"Near-identical bundle to PrepAway/ExamCollection"
10,CertBolt,certbolt.com,https://www.certbolt.com/sy0-701-dumps,pdf_dump_retailer,PDF + exam simulator,891,2026 (rolling),+49.99 (PDF add-on),99.99 (Q&A),24.99 (study guide),Yes,"Exam Simulator Included (desktop)",No,No,High,"Claims CompTIA experts; drag-drop in marketing only",Yes,Yes,,Yes,"Honest exam prep positioning; no dump vocabulary in ads",2026-06-03,"High list price; PDF is upsell"
11,Pass4Sure,pass4sure.com,https://www.pass4sure.com/SY0-701.html,pdf_dump_retailer,PDF add-on + Q&A + study guide PDF,891 (bundle),2026,+49.99 (PDF addon),124.99 (Q&A) / 149.98 bundle,29.99,Yes,"PDF version of practice Q&A",No,No,High,"Strikethrough pricing; bundle FOMO",Yes,Yes,,Yes,"Pass first attempt via practice not memorization",2026-06-03,"1003-page study guide same syndicated asset"
12,Pass4SureHub,pass4surehub.com,https://www.pass4surehub.com/comptia/sy0-701-dumps.html,pdf_dump_retailer_clone,PDF + test engine,Undated,2026,45-65 (sale),,,,"Yes","Clone storefront",No,No,High,"100% passing guarantee headline",Yes,Yes,,Unknown,"Same as Pass4Sure tier — brand arbitrage",2026-06-03,"Lower price clone network"
13,Certs4Sure,certs4sure.com,https://www.certs4sure.com/comptia/sy0-701.html,pdf_dump_retailer,PDF only / engine tiers,Undated,2026,45 (PDF),55 (engine) / 81,,,"Engine optional",No,No,High,"Uses dumps in URL path; testimonial widgets",Yes,Yes,Free sample,Unknown,"Transparent pricing under dump sites",2026-06-03,
14,ITPass4Sure,itpass4sure.com,https://www.itpass4sure.com/SY0-701-practice-exam.html,pdf_dump_retailer,Printable PDF + torrent/engine,Undated,2026,69.98 (engine+PDF),,,,"Yes","Self test software + printable PDF",No,No,Medium,"365-day updates; PDF torrent wording",Yes,Yes,PDF demo,Unknown,"Browser-only; no torrent/install",2026-06-03,
15,ExamTopics,examtopics.com,https://www.examtopics.com/exams/comptia/sy0-701/,community_braindump,Free web Q&A (paid unlock),611 (visible),Community-driven,0 (web) / paid Pro,Not applicable,,No,"Web pages only — not PBQ lab",No,No,Medium,"Community-sourced actual Q&A; controversial ethics",Partial (actual questions),No,Free with limits,No,"Free samples prove quality; full library paid fairly",2026-06-03,"Not PDF-first but competes for same search intent; out of policy per CompTIA"
16,ActualTests clone network,pass4surehub.com; certs4sure.com; exams4sure.com,—,white_label,Same PDF/engine templates,800+,Varies,40-150,,,,"Yes",Varies,No,No,High,Shared copy patterns across domains,Yes,Yes,Varies,Often,"One differentiator: interactive + current objectives",2026-06-03,"Treat as SEO arbitrage cluster not unique products"
