id,brand,domain,sy0_701_url,category,primary_deliverable,claimed_questions,claimed_last_update,free_tier,answers_public,pbq_in_browser,browser_only,signup_required,poll_enabled,site_note,bct_positioning_angle,research_date,notes
1,OpenExamPrep,open-exam-prep.com,https://open-exam-prep.com/practice/comptia-security-plus,free_practice_platform,Web MCQ bank + AI tutor,200+,2026-01-03,Full bank free,Yes,No,Yes,No,Yes,[[sites/open-exam-prep|open-exam-prep]],"700+ BCT bank; PBQ sims; no signup for core sim",2026-06-03,"Multi-cert hub; Security+ interactive quiz + static samples"
2,PrepTIA,preptia.com,https://www.preptia.com/SY0-701-Comptia-Practice-Test,free_practice_platform,Paged web practice test,861 (87 pages),2026-05-25,Page samples free,Partial (page 1),No,Yes,Unknown,Yes,[[sites/preptia|preptia]],"Transparent BCT pricing; full bank in browser; objectives v5.0",2026-06-03,"Poll page 1 only (~10 Q); enroll CTA for full access"
3,CertiMaan,certimaan.com,https://www.certimaan.com/post/comptia-security-plus-certification-sample-questions,training_vendor_blog,Blog sample MCQs,40+,2025-09-24,Samples on post,No,No,Yes,No,Yes,[[sites/certimaan|certimaan]],"Interactive timed sim vs static blog list; verified explanations",2026-06-03,"India-focused cert training brand; dumps wording in SEO elsewhere on site"
4,Tech Exam Lexicon,techexamlexicon.com,https://techexamlexicon.com/comptia/sy0-701/sample-questions/,free_practice_platform,Original sample MCQs + explanations,Multi-page samples,2026-04-25,Public samples,Yes,No,Yes,No,Yes,[[sites/techexamlexicon|techexamlexicon]],"Full bank + adaptive review vs small sample set",2026-06-03,"Strong explanation quality; good stem reference"
5,CertBlaster,certblaster.com,https://certblaster.com/free-security-sy0-701-practice-test/,practice_test_vendor,Free sample + paid simulators,9+ free visible,2023-11-07,Free page,Partial,No,Yes,No,Yes,[[sites/certblaster|certblaster]],"Browser PBQ sims; larger free tier on BCT lead magnet",2026-06-03,"Sells desktop simulators; free page ~10 Q"
6,Mastery Exam Prep,masteryexamprep.com,https://masteryexamprep.com/exams/comptia/sy0-701/,practice_test_vendor,Public samples + paid bank,24 public / 90 diagnostic,2026,Samples + limited free,Yes (samples),No,Yes,Partial,Yes,[[sites/mastery-exam-prep|mastery-exam-prep]],"700+ included vs paywalled bulk bank",2026-06-03,"Large paid bank behind samples"
7,ExamCompass,examcompass.com,https://www.examcompass.com/comptia/security-plus-certification/free-security-plus-practice-tests,free_practice_platform,24 full tests (~25 Q each),600+,SY0-701,Full tests free,After submit,No,Yes,No,No,[[sites/examcompass|examcompass]],"PBQ + timed 90-min exam mode",2026-06-03,"Poll off — paginated test UI; manual import OK"
8,Crucial Exams,crucialexams.com,https://crucialexams.com/exams/comptia/security/sy0-701/practice-tests-practice-questions,practice_test_vendor,MCQ + PBQ + flashcards,1400 MCQ + 9 PBQ,2026,Limited free tier,In product,Partial,Yes,Partial,No,[[sites/crucial-exams|crucial-exams]],"Free sim sample + domain tracking without upsell maze",2026-06-03,"Poll off until sample URL confirmed"
9,ExamTopics,examtopics.com,https://www.examtopics.com/exams/comptia/sy0-701/,community_braindump,Free web Q&A (paid Pro),611+ visible,Rolling,Free with limits,Community vote,No,Yes,No,Yes,[[sites/examtopics|examtopics]],"Ethical prep; no actual-exam recall positioning",2026-06-03,"Also in pdf-dumps tracker id=15; Tier C poll page 1"
